-- phpMyAdmin SQL Dump
-- version 5.2.1
-- https://www.phpmyadmin.net/
--
-- Host: localhost:3306
-- Generation Time: Aug 14, 2024 at 04:24 AM
-- Server version: 8.0.30
-- PHP Version: 8.1.10

SET SQL_MODE = "NO_AUTO_VALUE_ON_ZERO";
START TRANSACTION;
SET time_zone = "+00:00";


/*!40101 SET @OLD_CHARACTER_SET_CLIENT=@@CHARACTER_SET_CLIENT */;
/*!40101 SET @OLD_CHARACTER_SET_RESULTS=@@CHARACTER_SET_RESULTS */;
/*!40101 SET @OLD_COLLATION_CONNECTION=@@COLLATION_CONNECTION */;
/*!40101 SET NAMES utf8mb4 */;

--
-- Database: `perpus_4waru`
--

-- --------------------------------------------------------

--
-- Table structure for table `failed_jobs`
--

CREATE TABLE `failed_jobs` (
  `id` bigint UNSIGNED NOT NULL,
  `connection` text COLLATE utf8mb4_unicode_ci NOT NULL,
  `queue` text COLLATE utf8mb4_unicode_ci NOT NULL,
  `payload` longtext COLLATE utf8mb4_unicode_ci NOT NULL,
  `exception` longtext COLLATE utf8mb4_unicode_ci NOT NULL,
  `failed_at` timestamp NOT NULL DEFAULT CURRENT_TIMESTAMP
) ENGINE=InnoDB DEFAULT CHARSET=utf8mb4 COLLATE=utf8mb4_unicode_ci;

-- --------------------------------------------------------

--
-- Table structure for table `migrations`
--

CREATE TABLE `migrations` (
  `id` int UNSIGNED NOT NULL,
  `migration` varchar(255) COLLATE utf8mb4_unicode_ci NOT NULL,
  `batch` int NOT NULL
) ENGINE=InnoDB DEFAULT CHARSET=utf8mb4 COLLATE=utf8mb4_unicode_ci;

--
-- Dumping data for table `migrations`
--

INSERT INTO `migrations` (`id`, `migration`, `batch`) VALUES
(1, '2014_10_12_000000_create_users_table', 1),
(2, '2019_08_19_000000_create_failed_jobs_table', 1),
(3, '2023_02_28_142824_create_tb_kategori_table', 1),
(4, '2023_02_28_142942_create_tb_ddc_table', 1),
(5, '2023_03_01_152742_create_tb_kelas_table', 1),
(6, '2023_03_01_154247_create_tb_denda_table', 1),
(7, '2023_03_01_155456_create_tb_buku_table', 1),
(8, '2024_07_22_105354_tb_anggota', 2),
(9, '2024_07_22_111320_tb_pendik', 2),
(10, '2023_03_07_142508_create_tb_peminjaman_table', 3),
(11, '2023_03_16_130722_create_tb_pengembalian_table', 3),
(12, '2023_05_15_210739_add_status_to_tb_pengembalian', 3);

-- --------------------------------------------------------

--
-- Table structure for table `tb_anggota`
--

CREATE TABLE `tb_anggota` (
  `id_anggota` int UNSIGNED NOT NULL,
  `nis` char(25) COLLATE utf8mb4_unicode_ci NOT NULL,
  `kelas_id` int UNSIGNED NOT NULL,
  `nama_anggota` varchar(200) COLLATE utf8mb4_unicode_ci NOT NULL,
  `j_kelamin` enum('L','P') COLLATE utf8mb4_unicode_ci NOT NULL,
  `created_at` timestamp NULL DEFAULT NULL,
  `updated_at` timestamp NULL DEFAULT NULL
) ENGINE=InnoDB DEFAULT CHARSET=utf8mb4 COLLATE=utf8mb4_unicode_ci;

--
-- Dumping data for table `tb_anggota`
--

INSERT INTO `tb_anggota` (`id_anggota`, `nis`, `kelas_id`, `nama_anggota`, `j_kelamin`, `created_at`, `updated_at`) VALUES
(1, '6304', 1, 'ACHMAD RIZQI KEVIN', 'L', NULL, NULL),
(2, '6314', 1, 'Aisyah Fadia Az Zahra', 'P', NULL, NULL),
(3, '6335', 1, 'ANINDITA NUR SALWA', 'P', NULL, NULL),
(4, '6336', 1, 'Anindita Sasikirana Wisesa', 'P', NULL, NULL),
(5, '6337', 1, 'ANINDYA WAHYUDI', 'P', NULL, NULL),
(6, '6353', 1, 'ASYIFA SALSABILA', 'P', NULL, NULL),
(7, '6361', 1, 'AVIZA PUTRI PRASASTI', 'P', NULL, NULL),
(8, '6363', 1, 'AYUDYA MULYANI', 'P', NULL, NULL),
(9, '6371', 1, 'CALISTA PUTRI SALSABILA', 'P', NULL, NULL),
(10, '6372', 1, 'CAPRI AYU PRAWESTI', 'P', NULL, NULL),
(11, '6381', 1, 'DAVINO SYAHPUTRA SUTRISNO', 'L', NULL, NULL),
(12, '6383', 1, 'DEA MARVELLA RACHMA', 'P', NULL, NULL),
(13, '6388', 1, 'DIVA ZAKIA FAUZIAH', 'P', NULL, NULL),
(14, '6390', 1, 'DWICHA KHARISTA', 'P', NULL, NULL),
(15, '6399', 1, 'ESTER ERANANDA PELLO', 'P', NULL, NULL),
(16, '6400', 1, 'FAHIRA ALMANISSA', 'P', NULL, NULL),
(17, '6406', 1, 'FILZANIA DEVI SARAFINA', 'P', NULL, NULL),
(18, '6412', 1, 'GAVRILLA DARA ERLIETHA', 'P', NULL, NULL),
(19, '6417', 1, 'HAFIDZ ZIDAN INZAGHI', 'L', NULL, NULL),
(20, '6420', 1, 'HERLIN AMELIA', 'P', NULL, NULL),
(21, '6424', 1, 'ILHAM TRIPAMBUDI REVANDYAZAR', 'L', NULL, NULL),
(22, '6437', 1, 'KEVIS NATHANAEL', 'L', NULL, NULL),
(23, '6440', 1, 'KHOIRUN NISA', 'P', NULL, NULL),
(24, '6451', 1, 'MAHENDRA SATRIA ABIMANYU', 'L', NULL, NULL),
(25, '6467', 1, 'Mohammad Yusuf Ramadhansyah', 'L', NULL, NULL),
(26, '6469', 1, 'MUCHAMMAD CHOIRUL AZZAM', 'L', NULL, NULL),
(27, '6474', 1, 'MUHAMMAD AL-FADHIL QIYAZ', 'L', NULL, NULL),
(28, '6481', 1, 'MUHAMMAD DLIYAAUN NAAJIH', 'L', NULL, NULL),
(29, '6483', 1, 'MUHAMMAD DZIKRULLOH FEBRIYANSYAH', 'L', NULL, NULL),
(30, '6494', 1, 'MUHAMMAD JAZIIL AL ARSYAD', 'L', NULL, NULL),
(31, '6510', 1, 'NABIL ABRAR ABIYYU', 'L', NULL, NULL),
(32, '6513', 1, 'NADIA KALILA SUNNY', 'P', NULL, NULL),
(33, '6531', 1, 'RAFAN FARIS PRAMUDITYA', 'L', NULL, NULL),
(34, '6551', 1, 'SARAH KIRANA LESTARI', 'P', NULL, NULL),
(35, '6570', 1, 'VANNESA YUANITA AGUSTIN', 'P', NULL, NULL),
(36, '6579', 1, 'YASMIEN ALMIRA DHANANJAYA PUTRI', 'P', NULL, NULL),
(37, '6306', 2, 'ADINDA PUTRI FIANI ', 'P', NULL, NULL),
(38, '6313', 2, 'AISYAH AULIA', 'P', NULL, NULL),
(39, '6322', 2, 'ALIF MUHAMMAD FATHAN AL-KHOIRI', 'L', NULL, NULL),
(40, '6325', 2, 'ALVANO BAYU APRILIO', 'L', NULL, NULL),
(41, '6328', 2, 'ALVINO FIRDAUS AUFARIZQ', 'L', NULL, NULL),
(42, '6343', 2, 'ARIDHAH YUSRINA', 'P', NULL, NULL),
(43, '6348', 2, 'ARTESIS MEADOWS ATIKA PUTRI SIDIK', 'P', NULL, NULL),
(44, '6360', 2, 'AVIYANI BERLIAN MULYANA', 'P', NULL, NULL),
(45, '6369', 2, 'BISMA YASA ARKANANTA', 'L', NULL, NULL),
(46, '6373', 2, 'CASEY CALYSTA TANSY', 'P', NULL, NULL),
(47, '6382', 2, 'DEA AGATHA NOVITA SARI', 'P', NULL, NULL),
(48, '6391', 2, 'EFCHAL NAFLAH PUTRI ISLAMI', 'P', NULL, NULL),
(49, '6413', 2, 'GERALD ARYA ADIWINATA', 'L', NULL, NULL),
(50, '6421', 2, 'HILWAYAH DIAN SAFIRA', 'P', NULL, NULL),
(51, '6422', 2, 'I PUTU ADRIAN RASYA ASTAWA', 'L', NULL, NULL),
(52, '6425', 2, 'IMAM ALTARA KHAYATUDDIN', 'L', NULL, NULL),
(53, '6430', 2, 'IRFAN SULAEMAN SUGIHARTO', 'L', NULL, NULL),
(54, '6431', 2, 'KALEA ALVIRA PURNAMA', 'P', NULL, NULL),
(55, '6433', 2, 'KARIZZA AMALIA', 'P', NULL, NULL),
(56, '6444', 2, 'LETISA AURELIA PUTRI SUHARIYONO', 'P', NULL, NULL),
(57, '6447', 2, 'LUTFIAH ZAHRA KHAIRUNNISA\'', 'P', NULL, NULL),
(58, '6455', 2, 'MIKHAEL GRACEIELLO EFFENDI', 'L', NULL, NULL),
(59, '6459', 2, 'MOCH. AZZREL AL MALIK ZANDANA', 'L', NULL, NULL),
(60, '6473', 2, 'MUHAMMAD AHNAF AL HASBI', 'L', NULL, NULL),
(61, '6478', 2, 'MUHAMMAD BIMA PUTRA LUBIS', 'L', NULL, NULL),
(62, '6480', 2, 'MUHAMMAD DANIE ARSHAVIANSYAH', 'L', NULL, NULL),
(63, '6497', 2, 'MUHAMMAD MAHBUB VITAR SAHALA', 'L', NULL, NULL),
(64, '6503', 2, 'MUHAMMAD RAFI RIZAL', 'L', NULL, NULL),
(65, '6518', 2, 'Naufal Reihansyah', 'L', NULL, NULL),
(66, '6539', 2, 'RENOAH MUHAMMAD EL GHANI', 'L', NULL, NULL),
(67, '6542', 2, 'REYHAN GAVREL WIDYAT MAKA', 'L', NULL, NULL),
(68, '6554', 2, 'SEVILLA DWI PUTRI', 'P', NULL, NULL),
(69, '6559', 2, 'SISKA EKA SAFITRI', 'P', NULL, NULL),
(70, '6562', 2, 'SYABRINA SAFA AULIYA', 'P', NULL, NULL),
(71, '6569', 2, 'VANESSA MAULIDIA PUTRI', 'P', NULL, NULL),
(72, '6575', 2, 'WILLIAM BONATA SINAGA', 'L', NULL, NULL),
(73, '6580', 2, 'YASMIN AZIZ', 'P', NULL, NULL),
(74, '6327', 3, 'ALVINA DWI FITRIANI', 'P', NULL, NULL),
(75, '6331', 3, 'AMIRUL MU\'MININ', 'L', NULL, NULL),
(76, '6339', 3, 'APRILLIA KURNIAWATI', 'P', NULL, NULL),
(77, '6340', 3, 'ARDIKA ZAKKY PRASETYO', 'L', NULL, NULL),
(78, '6350', 3, 'ARYA DWI PRADANA', 'L', NULL, NULL),
(79, '6365', 3, 'AZZAHRA KEISHA RAMADHANI', 'P', NULL, NULL),
(80, '6366', 3, 'AZZAM RAKHA FATURRACHMAN', 'L', NULL, NULL),
(81, '6375', 3, 'CHINTYA ANANDA NOVIASARI', 'P', NULL, NULL),
(82, '6378', 3, 'DAMAR SAKTI GALANG PUTRA PRATAMA', 'L', NULL, NULL),
(83, '6386', 3, 'DIEGO TRISTAN SURYA GUMILANG', 'L', NULL, NULL),
(84, '6387', 3, 'DIMAS DZAKY WIDYATMOKO', 'L', NULL, NULL),
(85, '6392', 3, 'EKA  KIREINA ANGGRAINI', 'P', NULL, NULL),
(86, '6418', 3, 'HAIKAL SYAROF AL WAFA', 'L', NULL, NULL),
(87, '6439', 3, 'KHAILENDRA MIZAR SYAFRIDAY', 'L', NULL, NULL),
(88, '6441', 3, 'KHUMAIRA ATHIYYA NUR SALMA', 'P', NULL, NULL),
(89, '6445', 3, 'LIVIA VIKA APRILIA', 'P', NULL, NULL),
(90, '6446', 3, 'LUTFI ARKHA ENDZIDIKA PUTERA', 'L', NULL, NULL),
(91, '6453', 3, 'MARSYA AUNI BATRISYIA INTANI', 'P', NULL, NULL),
(92, '6475', 3, 'MUHAMMAD ALFIN CANDRADINATA', 'L', NULL, NULL),
(93, '6476', 3, 'MUHAMMAD ALIF QUR\'ANI', 'L', NULL, NULL),
(94, '6477', 3, 'MUHAMMAD ASYRAF SYAFA AS\'SYIFA', 'L', NULL, NULL),
(95, '6498', 3, 'MUHAMMAD MAULANA NASSIRULLAH', 'L', NULL, NULL),
(96, '6499', 3, 'MUHAMMAD NATHAN ERSYAHPUTRA', 'L', NULL, NULL),
(97, '6512', 3, 'NABILAH RANIAH HISANAH', 'P', NULL, NULL),
(98, '6517', 3, 'NASYWA KHOIRUNISA', 'P', NULL, NULL),
(99, '6519', 3, 'NAURA PUTRI OCTAVIA', 'P', NULL, NULL),
(100, '6520', 3, 'NAUVAL HISYAM KRISDIANTA', 'L', NULL, NULL),
(101, '6522', 3, 'NIMAS NADELA CAPRIATI', 'P', NULL, NULL),
(102, '6527', 3, 'PHOEBE SHAFEEQA PUTRI', 'P', NULL, NULL),
(103, '6532', 3, 'RAFFI ADITYA PRATAMA', 'L', NULL, NULL),
(104, '6545', 3, 'ROZAQ ANDHIKA PRATAMA', 'L', NULL, NULL),
(105, '6553', 3, 'SESA PUTRI FEBRIANI', 'P', NULL, NULL),
(106, '6556', 3, 'SHATIRA DWI NUR ARDIANA', 'P', NULL, NULL),
(107, '6558', 3, 'SHINTA RISDIANA DEWI', 'P', NULL, NULL),
(108, '6567', 3, 'UMI KAMILAH', 'P', NULL, NULL),
(109, '6587', 3, 'ZAHRA SALSABILA MUMTAZAH', 'P', NULL, NULL),
(110, '6301', 4, 'A. SYAHDAN ALFAREZA MAHDY', 'L', NULL, NULL),
(111, '6311', 4, 'AISSYA FARRA ARRAHMA', 'P', NULL, NULL),
(112, '6329', 4, 'ALYSA ZAHRA ALIFIA', 'P', NULL, NULL),
(113, '6334', 4, 'ANINDITA KUSUMA WARDANI PUSPITARINI PUTRI', 'P', NULL, NULL),
(114, '6338', 4, 'ANNURA HAQ RAMADHANIZZAH', 'P', NULL, NULL),
(115, '6354', 4, 'AULIA JESSIKA NOER MAYASARI', 'P', NULL, NULL),
(116, '6355', 4, 'AULIA NUR SHINTA', 'P', NULL, NULL),
(117, '6359', 4, 'AUTHIKA RAYA AKHIRIN HAWA', 'P', NULL, NULL),
(118, '6385', 4, 'DEWANGGA NABIL MAYGA HAMZAH', 'L', NULL, NULL),
(119, '6389', 4, 'DUNUNG SATRIO WITJAKSONO', 'L', NULL, NULL),
(120, '6396', 4, 'ELRASYA FABIAN ARIMBAWA', 'L', NULL, NULL),
(121, '6398', 4, '\'ERSY NURFADLLA HERINIAH', 'P', NULL, NULL),
(122, '6409', 4, 'FITRAH ALGHOZALI', 'L', NULL, NULL),
(123, '6411', 4, 'GATAN SURYA HARFIANSA', 'L', NULL, NULL),
(124, '6435', 4, 'KEISHA HAYFA AQIILAH', 'P', NULL, NULL),
(125, '6436', 4, 'KEVIN HILMI RAKASIWI', 'L', NULL, NULL),
(126, '6460', 4, 'MOCH. RIDHO PRIHAMZAH', 'L', NULL, NULL),
(127, '6464', 4, 'MOCHAMMAD RIDHO RIZKIANSYAH ROBBI', 'L', NULL, NULL),
(128, '6466', 4, 'MOHAMMAD GALUH PRAYOGA', 'L', NULL, NULL),
(129, '6468', 4, 'MUCHAMMAD ASHVIN RIZQI PUTRA', 'L', NULL, NULL),
(130, '6489', 4, 'MUHAMMAD FAWWAZ HANNAN NUR', 'L', NULL, NULL),
(131, '6491', 4, 'MUHAMMAD ILHAM ERI PRASETYA', 'L', NULL, NULL),
(132, '6495', 4, 'MUHAMMAD LATHIEF RAMADHANI', 'L', NULL, NULL),
(133, '6496', 4, 'Muhammad Lintang Anugrah Ilham Ramadhan', 'L', NULL, NULL),
(134, '6505', 4, 'Muhammad Rifqi Al-Amin', 'L', NULL, NULL),
(135, '6516', 4, 'NAJEEHA AIRA AZ ZAHRA', 'P', NULL, NULL),
(136, '6530', 4, 'RADIFKA LADESHWA SEANDRI PRATAMA', 'L', NULL, NULL),
(137, '6561', 4, 'SYABILLA REIMA ALFIANI', 'P', NULL, NULL),
(138, '6563', 4, 'SYALUNA MARETA YULIANTO', 'P', NULL, NULL),
(139, '6565', 4, 'TITANIA SORAYA WINARKO', 'P', NULL, NULL),
(140, '6568', 4, 'UTSMAN KHADAFI', 'L', NULL, NULL),
(141, '6574', 4, 'WILDAN AHMAD FAHREZI', 'L', NULL, NULL),
(142, '6577', 4, 'WULANDARI', 'P', NULL, NULL),
(143, '6583', 4, 'YUNITA SABRINA ANGGRAINI', 'P', NULL, NULL),
(144, '6586', 4, 'ZAHIRA LARASATI', 'P', NULL, NULL),
(145, '6316', 5, 'AISYAH IMROATUL FAKHRIYAH', 'P', NULL, NULL),
(146, '6330', 5, 'AMIRA AZMI DEWI', 'P', NULL, NULL),
(147, '6332', 5, 'ANA ATTHOFUN NISA', 'P', NULL, NULL),
(148, '6342', 5, 'ARGA RIZKI TYOSHANANTA', 'L', NULL, NULL),
(149, '6344', 5, 'ARIF ASYRAF RAMADHAN', 'L', NULL, NULL),
(150, '6352', 5, 'ASSAFA NOVYA PUTRI WIBISONO', 'P', NULL, NULL),
(151, '6357', 5, 'AURAEL ANANDA CAESYA PUTRI', 'P', NULL, NULL),
(152, '6358', 5, 'AURELA AMY PUTRI', 'P', NULL, NULL),
(153, '6370', 5, 'CAHYANDA ZALZABILA', 'P', NULL, NULL),
(154, '6379', 5, 'DANISH ATHALLAH RASYID', 'L', NULL, NULL),
(155, '6397', 5, 'ERLIN BERLINA', 'P', NULL, NULL),
(156, '6401', 5, 'FAHREZZY RIFKY PUTRA PRIAMBODO', 'L', NULL, NULL),
(157, '6414', 5, 'GIOVANI RAMADHAN', 'L', NULL, NULL),
(158, '6427', 5, 'INDRA ACHMAT MAULANA', 'L', NULL, NULL),
(159, '6428', 5, 'IQMAL DWI SYAPUTRA WAHYUDI', 'L', NULL, NULL),
(160, '6438', 5, 'KEYLA PUTIH AYZHARRA', 'P', NULL, NULL),
(161, '6442', 5, 'KIANO ALFAREZEL', 'L', NULL, NULL),
(162, '6450', 5, 'M. UBAYYU HANNAN', 'L', NULL, NULL),
(163, '6462', 5, 'MOCHAMMAD ILHAM APRIYANTO', 'L', NULL, NULL),
(164, '6465', 5, 'MOHAMAD LIFAN ILHAMI', 'L', NULL, NULL),
(165, '6482', 5, 'MUHAMMAD DZIKRI FADHIL MUZZHAFFAR', 'L', NULL, NULL),
(166, '6485', 5, 'MUHAMMAD FADHIL ZAIN', 'L', NULL, NULL),
(167, '6493', 5, 'MUHAMMAD JADID AL IRSYAD', 'L', NULL, NULL),
(168, '6501', 5, 'MUHAMMAD NUR CHOIRUSHOFY', 'L', NULL, NULL),
(169, '6504', 5, 'MUHAMMAD REZA MAHENDRA', 'L', NULL, NULL),
(170, '6507', 5, 'MUHAMMAD ROBBY KURNIAWAN', 'L', NULL, NULL),
(171, '6525', 5, 'NUR FADHILAH PERMATASARI', 'P', NULL, NULL),
(172, '6526', 5, 'PANDU MILANO PUTRA', 'L', NULL, NULL),
(173, '6555', 5, 'SHAFIRA AYU BUDIONO', 'P', NULL, NULL),
(174, '6557', 5, 'SHEILLA ALIFIA RAMADHANI', 'P', NULL, NULL),
(175, '6560', 5, 'SOFIYAN ALDY PRATAMA', 'L', NULL, NULL),
(176, '6564', 5, 'SYIFA FITRIANI', 'P', NULL, NULL),
(177, '6571', 5, 'VITA ISNANI AGUSTIA', 'P', NULL, NULL),
(178, '6581', 5, 'YAYUK HARIYATI', 'P', NULL, NULL),
(179, '6582', 5, 'YUANITA GHINA AN-NAFI\'', 'P', NULL, NULL),
(180, '6589', 5, 'ZDIHNI FITRI ATIYA', 'P', NULL, NULL),
(181, '6590', 5, 'ZULFA KAMILATUSSILMI', 'P', NULL, NULL),
(182, '6310', 6, 'AHMAD BAYHAQI', 'L', NULL, NULL),
(183, '6318', 6, 'AKBAR NUR RIZKI', 'L', NULL, NULL),
(184, '6319', 6, 'AKMAL SYAIN AMALO', 'L', NULL, NULL),
(185, '6323', 6, 'ALIYA AUSIE SARASHVATI PUTRI', 'P', NULL, NULL),
(186, '6326', 6, 'ALVARO DARMAWAN DEYONI', 'L', NULL, NULL),
(187, '6333', 6, 'ANGELIKA RAMADHANI', 'P', NULL, NULL),
(188, '6347', 6, '\'ARSY NURFADLLA HERINIAH', 'P', NULL, NULL),
(189, '6349', 6, 'ARVIAN DWI BHAKTI SETYA PRANATA', 'L', NULL, NULL),
(190, '6368', 6, 'BINTANG PUTRAKU LEZANDRA', 'L', NULL, NULL),
(191, '6377', 6, 'DAHLILA SAFANA SALSABILA', 'P', NULL, NULL),
(192, '6384', 6, 'DENNIS AISYAH PUTRI', 'P', NULL, NULL),
(193, '6395', 6, 'ELMEIRA IRSALINA SIFA', 'P', NULL, NULL),
(194, '6402', 6, 'FATIMAH ATHIYA FAKRIYAH', 'P', NULL, NULL),
(195, '6405', 6, 'FEROZ ZAMIR EIJAZ', 'L', NULL, NULL),
(196, '6407', 6, 'FIRDA NUR HIDAYAH', 'P', NULL, NULL),
(197, '6410', 6, 'FITRI WULAN RAMADHANI', 'P', NULL, NULL),
(198, '6415', 6, 'GIYANA SHAKIRA', 'P', NULL, NULL),
(199, '6426', 6, 'IMELDA AMAY PUTRI HAPSARI', 'P', NULL, NULL),
(200, '6429', 6, 'IRFAN ARIF MAULANA', 'L', NULL, NULL),
(201, '6434', 6, 'KARTIKA SUJAK ANTING PUTRI', 'P', NULL, NULL),
(202, '6443', 6, 'LAILATUL ANUGRAH BHAKTI RAHAYU', 'P', NULL, NULL),
(203, '6456', 6, 'MOCH ADI MAULANA SAPUTRA', 'L', NULL, NULL),
(204, '6458', 6, 'MOCH. ANDHIMAS PRASTIYA', 'L', NULL, NULL),
(205, '6463', 6, 'MOCHAMMAD NASRIEL ILHAM', 'L', NULL, NULL),
(206, '6471', 6, 'MUCHAMMAD MUFLICHUN AKBAR', 'L', NULL, NULL),
(207, '6479', 6, 'MUHAMMAD DAFFA ARRAYA YUKI PRATAMA', 'L', NULL, NULL),
(208, '6502', 6, 'MUHAMMAD RAFFA FERDIANSYAH', 'L', NULL, NULL),
(209, '6529', 6, 'RACHEL SOFIE AMELIA', 'P', NULL, NULL),
(210, '6536', 6, 'RAZZIN SYAHDAN AYDIN', 'L', NULL, NULL),
(211, '6537', 6, 'REFI IHDATUL FAIZEY', 'P', NULL, NULL),
(212, '6546', 6, 'RYVELINO IQWAL KAMIL', 'L', NULL, NULL),
(213, '6547', 6, 'SABITAH ALIF NATHANIA', 'P', NULL, NULL),
(214, '6552', 6, 'SATRIYA WIBOWO', 'L', NULL, NULL),
(215, '6572', 6, 'VIVIAN SABRINA AL-\'AIN', 'P', NULL, NULL),
(216, '6578', 6, 'YAFI KHAIRUZZAKI HABIBILLAH', 'L', NULL, NULL),
(217, '6584', 6, 'YUSUF BINTANG NIRWANSYAH', 'L', NULL, NULL),
(218, '6303', 7, 'ACHMAD ALVINO SHOLEHFUDIN', 'L', NULL, NULL),
(219, '6307', 7, 'ADRIAN RIZKY RAMADHAN', 'L', NULL, NULL),
(220, '6308', 7, 'AESAR AULAYAIN SAEFUDIN', 'L', NULL, NULL),
(221, '6309', 7, 'AHMAD AQBIL MALIKI', 'L', NULL, NULL),
(222, '6312', 7, 'AISYAH APRILIA PURNOMO', 'P', NULL, NULL),
(223, '6315', 7, 'AISYAH HENI NOERKHOLIFAH', 'P', NULL, NULL),
(224, '6320', 7, 'ALICIA JASMINE KURNIAWAN', 'P', NULL, NULL),
(225, '6324', 7, 'ALLYSHA ANDHINI FRIANKA', 'P', NULL, NULL),
(226, '6345', 7, 'Arlyna Devhalia Putri', 'P', NULL, NULL),
(227, '6346', 7, 'ARSHAVINO BARRA MUHAMMAD', 'L', NULL, NULL),
(228, '6351', 7, 'ARYIDYA ALENA PUTRI', 'P', NULL, NULL),
(229, '6362', 7, 'AYU TIARA KASIH', 'P', NULL, NULL),
(230, '6376', 7, 'CINTA ZIVILIA SARI', 'P', NULL, NULL),
(231, '6380', 7, 'DAVIN PUTRA SISWANTOKO', 'L', NULL, NULL),
(232, '6423', 7, 'IBRAHIM RIDHO PRAMUDYA', 'L', NULL, NULL),
(233, '6448', 7, 'M. ANDIKA CAHAYA MAULANA', 'L', NULL, NULL),
(234, '6452', 7, 'MARCEILLA CELLOMITA DEVANI SEPTIAWATI', 'P', NULL, NULL),
(235, '6457', 7, 'MOCH FADHIL ARDIANSYAH', 'L', NULL, NULL),
(236, '6461', 7, 'MOCHAMAD REYHAN ASNAN', 'L', NULL, NULL),
(237, '6472', 7, 'MUH. AINUL YAKIN', 'L', NULL, NULL),
(238, '6484', 7, 'MUHAMMAD FADHIIL ARIFIAN HIDAYAT', 'L', NULL, NULL),
(239, '6487', 7, 'MUHAMMAD FARREL ZAIN', 'L', NULL, NULL),
(240, '6488', 7, 'MUHAMMAD FAUZAN WAJEDIE', 'L', NULL, NULL),
(241, '6492', 7, 'MUHAMMAD I\'ZAZ AL KHILMI', 'L', NULL, NULL),
(242, '6508', 7, 'MUHAMMAD WILDAN', 'L', NULL, NULL),
(243, '6509', 7, 'MUHAMMAD WILDAN BINTANG RIZQY', 'L', NULL, NULL),
(244, '6511', 7, 'NABILA AISYAH PUTRI', 'P', NULL, NULL),
(245, '6515', 7, 'NAISYAH NATANIA AZZAHRA', 'P', NULL, NULL),
(246, '6521', 7, 'NEYSYA PUTRI DEARISKA', 'P', NULL, NULL),
(247, '6523', 7, 'NOITE SANTOMARU LISAHOLET', 'P', NULL, NULL),
(248, '6524', 7, 'NOVI NOOR HIDAYAH', 'P', NULL, NULL),
(249, '6528', 7, 'QUINSHA AQILA HERMAWAN', 'P', NULL, NULL),
(250, '6534', 7, 'RANGGA BAKTIAR', 'L', NULL, NULL),
(251, '6541', 7, 'REYHAN FIRMAN SAPUTRA', 'L', NULL, NULL),
(252, '6576', 7, 'Winda Febyola Nur Aini', 'P', NULL, NULL),
(253, '6585', 7, 'YUSUF REGGIANZHAFA AFRIANTO', 'L', NULL, NULL),
(254, '6588', 7, 'ZAHROTUL \'ATHOORIYYAH', 'P', NULL, NULL),
(255, '6302', 8, 'ACHMAD ALVINO DWI MAULANA', 'L', NULL, NULL),
(256, '6305', 8, 'ADILA KIANA ZANNETI ALFAREZAL', 'L', NULL, NULL),
(257, '6317', 8, 'AKBAR DWI SETIAWAN', 'L', NULL, NULL),
(258, '6321', 8, 'ALIDA MUSTIKA QORIYAH', 'P', NULL, NULL),
(259, '6341', 8, 'ARETHA AYU PUTRI AZHARINI', 'P', NULL, NULL),
(260, '6356', 8, 'AURA CANTIKA ARYESCHA PUTRI', 'P', NULL, NULL),
(261, '6364', 8, 'AZEILA DIAURA SANTOSO', 'P', NULL, NULL),
(262, '6367', 8, 'BIANCA TRESIA YOULANDA', 'P', NULL, NULL),
(263, '6374', 8, 'CHELSEA ANINDIA FITRI', 'P', NULL, NULL),
(264, '6393', 8, 'EKA NAURA SYAPUTRI', 'P', NULL, NULL),
(265, '6394', 8, 'ELFANSYAH RIEFQI AFANDI', 'L', NULL, NULL),
(266, '6403', 8, 'FAZILA FARZANA QUENETTA', 'P', NULL, NULL),
(267, '6404', 8, 'FEBRIAN VALENTINO', 'L', NULL, NULL),
(268, '6408', 8, 'FIRMAN ARIE PRAYOGA', 'L', NULL, NULL),
(269, '6416', 8, 'HABIBA NUR QOMARIAH', 'P', NULL, NULL),
(270, '6419', 8, 'HAMKA FIKRI PERDANA', 'L', NULL, NULL),
(271, '6432', 8, 'KAMILA AULIA RAHMAH', 'P', NULL, NULL),
(272, '6449', 8, 'M. FARIS ALBUKHORI', 'L', NULL, NULL),
(273, '6454', 8, 'MEISYA AYUNIN NISA', 'P', NULL, NULL),
(274, '6470', 8, 'MUCHAMMAD KHANZA ROMADHON', 'L', NULL, NULL),
(275, '6486', 8, 'MUHAMMAD FAJRIL IZA MAHENDRA', 'L', NULL, NULL),
(276, '6490', 8, 'MUHAMMAD HIDAYATULLOH', 'L', NULL, NULL),
(277, '6500', 8, 'MUHAMMAD NOVANDRA EL MADANI', 'L', NULL, NULL),
(278, '6506', 8, 'MUHAMMAD RIZKY DARMAWAN', 'L', NULL, NULL),
(279, '6514', 8, 'NAFIKA PURNAMA SARI', 'P', NULL, NULL),
(280, '6533', 8, 'RAMADHAN BRILIAN SAPUTRA', 'L', NULL, NULL),
(281, '6535', 8, 'RAZIEFINO AKBAR PUTRA AL GOFUR', 'L', NULL, NULL),
(282, '6538', 8, 'REGINA NASYWA SALSABILA', 'P', NULL, NULL),
(283, '6540', 8, 'REVANO TIAN PRATAMA', 'L', NULL, NULL),
(284, '6543', 8, 'REYVALDO ADZAKY ZAHIDDARRAZ', 'L', NULL, NULL),
(285, '6544', 8, 'RIFDA SALMA NASYWA', 'P', NULL, NULL),
(286, '6548', 8, 'SAFIRA PRAMUDITA RAMADHANI', 'P', NULL, NULL),
(287, '6549', 8, 'SAID MAULANA IZZUDIN', 'L', NULL, NULL),
(288, '6550', 8, 'SAKIRA PUTRI JULIA', 'P', NULL, NULL),
(289, '6566', 8, 'TRISTAN RIZKY PRATAMA', 'L', NULL, NULL),
(290, '6573', 8, 'WIKA TITI PURBANINGTYAS', 'P', NULL, NULL),
(291, '6015', 9, 'AFWA WARDAH ZAHIRA', 'P', NULL, NULL),
(292, '6022', 9, 'AIRA PUTRI RAHMADHANI', 'P', NULL, NULL),
(293, '6024', 9, 'AIXA MARDHANA QUEENAYLA', 'P', NULL, NULL),
(294, '6034', 9, 'AMIRA GAIDHA PRIYANKA', 'P', NULL, NULL),
(295, '6037', 9, 'ANDI HAYYU ALMIRA KUNCA', 'P', NULL, NULL),
(296, '6063', 9, 'BRILIANA DEVIKA', 'P', NULL, NULL),
(297, '6067', 9, 'CHYNARA ASTRID GUNAWAN', 'P', NULL, NULL),
(298, '6074', 9, 'DEVIKA SALSABILAH NALINI', 'P', NULL, NULL),
(299, '6075', 9, 'DEVIN CALISTA PUTRI ', 'P', NULL, NULL),
(300, '6078', 9, 'DINDA KIRANA AYU PUTRI GUNAWILAGA', 'P', NULL, NULL),
(301, '6079', 9, 'DWI SIFA IRFANA AISYAH ', 'P', NULL, NULL),
(302, '6085', 9, 'ELUA MIRABEL AYESHA SAFI', 'P', NULL, NULL),
(303, '6096', 9, 'FIKA AMALINA FATIMAH', 'P', NULL, NULL),
(304, '6102', 9, 'GHALANG SINAGA WIJAYA', 'L', NULL, NULL),
(305, '6124', 9, 'KAYLA YASMINA AZ-ZAHRA', 'P', NULL, NULL),
(306, '6140', 9, 'M RADITYA ANDHIKA RASYA', 'L', NULL, NULL),
(307, '6142', 9, 'M. IDHAM SHEVA', 'L', NULL, NULL),
(308, '6152', 9, 'MIFTAKHUL JANNAH', 'P', NULL, NULL),
(309, '6161', 9, 'MOHAMMAD NABIL ILHAM SULISTYAWAN', 'L', NULL, NULL),
(310, '6184', 9, 'MUHAMMAD HABIB SETIADJI', 'L', NULL, NULL),
(311, '6188', 9, 'MUHAMMAD HILMI NUR ZAKY', 'L', NULL, NULL),
(312, '6190', 9, 'MUHAMMAD IHSAN MUBAROK', 'L', NULL, NULL),
(313, '6196', 9, 'MUHAMMAD RAFA ADWA RAQILA', 'L', NULL, NULL),
(314, '6202', 9, 'MUNAWARAH', 'P', NULL, NULL),
(315, '6208', 9, 'NADIA PUTRI WIRASTUTI', 'P', NULL, NULL),
(316, '6212', 9, 'NAJMA NAURA SHERIDAN MUCHTAR', 'P', NULL, NULL),
(317, '6213', 9, 'NAJWA ZASBIKHA', 'P', NULL, NULL),
(318, '6217', 9, 'NASYA KIRANA SALSABILA', 'P', NULL, NULL),
(319, '6225', 9, 'NICO ANFIRQI FAJAR FA\'ULA', 'L', NULL, NULL),
(320, '6231', 9, 'NOVITA INDAH FITRIANI', 'P', NULL, NULL),
(321, '6233', 9, 'NUR FADLILAH', 'P', NULL, NULL),
(322, '6245', 9, 'RANIAH ANJANI PUTRI', 'P', NULL, NULL),
(323, '6285', 9, 'YOGA PRATAMA RIZKI PUTRA EFFENDI', 'L', NULL, NULL),
(324, '6286', 9, 'YUKE AURELLIA ', 'P', NULL, NULL),
(325, '6289', 9, 'ZAHRA PUTRI RAMADHANI', 'P', NULL, NULL),
(326, '6300', 9, 'AFIF WILDAN RUSYDI', 'L', NULL, NULL),
(327, '6014', 10, 'AFRILIA FATMA NURFADILAH ', 'P', NULL, NULL),
(328, '6029', 10, 'ALIFIAN PUTRA PRATAMA', 'L', NULL, NULL),
(329, '6036', 10, 'ANANDA RIDHO FIRMANSYAH', 'L', NULL, NULL),
(330, '6039', 10, 'ANIS SALSABIL SALWA', 'P', NULL, NULL),
(331, '6048', 10, 'ASTRIED CAHAYANING BAITHY', 'P', NULL, NULL),
(332, '6052', 10, 'AUREL TRI HAPSARI', 'P', NULL, NULL),
(333, '6061', 10, 'BEATRICHIA MERRY SANTOSO', 'P', NULL, NULL),
(334, '6064', 10, 'CELLOMITHA RIZKYA WIGANTARA', 'P', NULL, NULL),
(335, '6065', 10, 'CHARLENE VELIKA MANOPO', 'P', NULL, NULL),
(336, '6066', 10, 'CHUSNAWATI LAILIA', 'P', NULL, NULL),
(337, '6070', 10, 'DANIEL MARCELINO', 'L', NULL, NULL),
(338, '6081', 10, 'EIFELLOVE NEVANDRA AURELYA RIZANI', 'P', NULL, NULL),
(339, '6092', 10, 'FAUZAN DZIKRAN FADHILA SYA\'BAN ', 'L', NULL, NULL),
(340, '6107', 10, 'HENDRICK DWI SUSANTO ', 'L', NULL, NULL),
(341, '6112', 10, 'INGE DWI YULIANTI', 'P', NULL, NULL),
(342, '6114', 10, 'IRNA NUR FADLILA AZ ZAHRA', 'P', NULL, NULL),
(343, '6117', 10, 'JESICA CHELSEA BUTAR BUTAR', 'P', NULL, NULL),
(344, '6118', 10, 'JIHAN HUMAIRAH', 'P', NULL, NULL),
(345, '6120', 10, 'JORDAN IBRAHIM ', 'L', NULL, NULL),
(346, '6126', 10, 'KENAN YUSRA ANHAVI', 'L', NULL, NULL),
(347, '6127', 10, 'KENZIE WIRASENA MUHAMMAD A', 'L', NULL, NULL),
(348, '6147', 10, 'MADE BAYU YUDHISTIRA PUTRA', 'L', NULL, NULL),
(349, '6149', 10, 'MARVELINO TYASTYO SATRIO UTOMO', 'L', NULL, NULL),
(350, '6150', 10, 'MAULANA \'ADZIM PUTRA WALUYO', 'L', NULL, NULL),
(351, '6167', 10, 'MUCHAMMAD NAUFAL SYAIBAN', 'L', NULL, NULL),
(352, '6211', 10, 'NAJA ALFI SYAKIROH', 'P', NULL, NULL),
(353, '6215', 10, 'NARENDRA RAQILLA FAIQ', 'L', NULL, NULL),
(354, '6221', 10, 'NAYLA NAFISHA ', 'P', NULL, NULL),
(355, '6227', 10, 'NIKOLAUS GAGAH GEMA PERKASA', 'L', NULL, NULL),
(356, '6240', 10, 'RAFA ALDIANO PUTRA', 'L', NULL, NULL),
(357, '6258', 10, 'SARAI HANNI GABRIELLA ', 'P', NULL, NULL),
(358, '6262', 10, 'SHABRINA PUTRI ALAMSHA', 'P', NULL, NULL),
(359, '6274', 10, 'THERSYA ADE PUTRI', 'P', NULL, NULL),
(360, '6281', 10, 'WENDRA ADITAMA', 'L', NULL, NULL),
(361, '6284', 10, 'YOCELYN DWI MARTONO', 'P', NULL, NULL),
(362, '6295', 10, 'SHASQYA NURFALAH NAFISAH', 'P', NULL, NULL),
(363, '6010', 11, 'ADLY AHSAN SETYO ARDHANI', 'L', NULL, NULL),
(364, '6019', 11, 'AHMAD RIZKY ARDIANSYAH', 'L', NULL, NULL),
(365, '6021', 11, 'AILEEN QUEENA NAIRAH HAFIZAH ', 'P', NULL, NULL),
(366, '6027', 11, 'ALFIYAH RAMAWATI', 'P', NULL, NULL),
(367, '6028', 11, 'ALI MURSIDI', 'L', NULL, NULL),
(368, '6035', 11, 'AMYRAH ALKEISHA INDRA PRATIWI', 'P', NULL, NULL),
(369, '6041', 11, 'ANNISA RABBANI KUSUMANING JANNAH', 'P', NULL, NULL),
(370, '6046', 11, 'ARUN OCKA RADYAN ARKANA', 'L', NULL, NULL),
(371, '6053', 11, 'AURELIA ARFI RAMADHANI', 'P', NULL, NULL),
(372, '6072', 11, 'DEA AYU WIDI ANDINI', 'P', NULL, NULL),
(373, '6087', 11, 'FAIS ARFIAN DWIKA SAPUTRA', 'L', NULL, NULL),
(374, '6100', 11, 'FITRI SYAFA\'ATUS ZAKIYA', 'P', NULL, NULL),
(375, '6110', 11, 'HILDAN  IKHSAN', 'L', NULL, NULL),
(376, '6129', 11, 'KEYZHA DEWINTA ALISHIA PUTRI', 'P', NULL, NULL),
(377, '6131', 11, 'KHANSA AMIRA NATASHA', 'P', NULL, NULL),
(378, '6136', 11, 'LENNY YUNITA SARI', 'P', NULL, NULL),
(379, '6156', 11, 'MOCHAMAD DAFFA ASYROFUL ANAM ', 'L', NULL, NULL),
(380, '6165', 11, 'MUCHAMMAD FAKHRI AKBAR', 'L', NULL, NULL),
(381, '6166', 11, 'MUCHAMMAD HAFIDZ SYHAPUTRA', 'L', NULL, NULL),
(382, '6176', 11, 'MUHAMMAD ALIF ALFAREZA', 'L', NULL, NULL),
(383, '6177', 11, 'MUHAMMAD ALLENDLY ', 'L', NULL, NULL),
(384, '6178', 11, 'MUHAMMAD ALVIN SAIYIDIN ABDILAH', 'L', NULL, NULL),
(385, '6180', 11, 'MUHAMMAD ARSYAD DHANI SHOLEH', 'L', NULL, NULL),
(386, '6181', 11, 'MUHAMMAD AZAM MAULANA ', 'L', NULL, NULL),
(387, '6183', 11, 'MUHAMMAD ENGGAR ALDIANSYAH', 'L', NULL, NULL),
(388, '6187', 11, 'MUHAMMAD HAIKAL FITRA RAMADHAN', 'L', NULL, NULL),
(389, '6206', 11, 'NABILLA KHOIRUN NISA\'', 'P', NULL, NULL),
(390, '6218', 11, 'NAUFAL FAIZ RAMADHAN', 'L', NULL, NULL),
(391, '6238', 11, 'RACHMATULLOH  ALFARIZI  HAIDIR  A', 'L', NULL, NULL),
(392, '6261', 11, 'SHABRINA LINTANG NUR AINI', 'P', NULL, NULL),
(393, '6263', 11, 'SHAFA NUR AULIA', 'P', NULL, NULL),
(394, '6272', 11, 'SYIFA APSARI SETYONI', 'P', NULL, NULL),
(395, '6277', 11, 'VALENTSYA PUTRI HERDIYANTI', 'P', NULL, NULL),
(396, '6280', 11, 'VIRDA ALFI ZAHRANI', 'P', NULL, NULL),
(397, '6283', 11, 'YASMIN ZAHIRAH ', 'P', NULL, NULL),
(398, '6288', 11, 'ZAHRA PISCESIA ROSADEVINTA', 'P', NULL, NULL),
(399, '6020', 12, 'AIDA RIFF\'ATUS SHOLIKHA', 'P', NULL, NULL),
(400, '6025', 12, 'ALFINA MUTIA FARAHDILA', 'P', NULL, NULL),
(401, '6026', 12, 'ALFINO FIRMANSYAH ', 'L', NULL, NULL),
(402, '6030', 12, 'ALISYA ANANDA PUTRI', 'P', NULL, NULL),
(403, '6033', 12, 'AMANDA QURNIAWAN', 'P', NULL, NULL),
(404, '6038', 12, 'ANDI SETYAWAN WIJAYA', 'L', NULL, NULL),
(405, '6043', 12, 'ARDRA EMERALDY ADIRA RAFIF', 'L', NULL, NULL),
(406, '6050', 12, 'AULIA RACHMAN', 'P', NULL, NULL),
(407, '6054', 12, 'AURELIO ATHA\'ILLAH BARUCH', 'L', NULL, NULL),
(408, '6057', 12, 'AYUNING JASMINE NURAISYAH', 'P', NULL, NULL),
(409, '6060', 12, 'BASYAASYAH FAIRUUZ TAHANII S', 'P', NULL, NULL),
(410, '6068', 12, 'CINTA AURA RAMADHANI', 'P', NULL, NULL),
(411, '6073', 12, 'DEFFI ARDIANTI PUTRI ', 'P', NULL, NULL),
(412, '6113', 12, 'INTAN RAHMA PUTRI', 'P', NULL, NULL),
(413, '6115', 12, 'IZZATIN  NAJA KAMILA', 'P', NULL, NULL),
(414, '6121', 12, 'JUWITA ANDINI CHRISTIYAH N', 'P', NULL, NULL),
(415, '6123', 12, 'KARUNIA INDAH KUMALA ', 'P', NULL, NULL),
(416, '6125', 12, 'KEISYA NAHLA LARA RACHMAWATI', 'P', NULL, NULL),
(417, '6132', 12, 'KHARISMA EKA PUTRI WARDAHNI ', 'P', NULL, NULL),
(418, '6138', 12, 'LESTARI HIKMAH AULIA', 'P', NULL, NULL),
(419, '6141', 12, 'M. FAKHRI AL-FAHREZA DJUNAIDI', 'L', NULL, NULL),
(420, '6143', 12, 'M. IKHSAN ANUGERAH ', 'L', NULL, NULL),
(421, '6144', 12, 'M. IZZUDIN WAHYU WIRA ARYANTO ', 'L', NULL, NULL),
(422, '6151', 12, 'MELISA PUTRI WULANDARI', 'P', NULL, NULL),
(423, '6170', 12, 'MUHAMMAD ADIL AUFA RIDHO', 'L', NULL, NULL),
(424, '6179', 12, 'MUHAMMAD ARJUN PRAJITNO ', 'L', NULL, NULL),
(425, '6185', 12, 'MUHAMMAD HAIDAR HILMY', 'L', NULL, NULL),
(426, '6199', 12, 'MUHAMMAD REYHAN DWI PUTRA', 'L', NULL, NULL),
(427, '6209', 12, 'NADIA ZAHIRAH OCTAVIANI ', 'P', NULL, NULL),
(428, '6230', 12, 'NOVI PUTRI DWI PRATIWI', 'P', NULL, NULL),
(429, '6237', 12, 'PUTRI NANI SURYANINGSIH', 'P', NULL, NULL),
(430, '6242', 12, 'RAFI ADI SAPUTRA', 'L', NULL, NULL),
(431, '6256', 12, 'SAFIRA MAULIDIYAH', 'P', NULL, NULL),
(432, '6271', 12, 'SYAFALA NABILA PUTRI ', 'P', NULL, NULL),
(433, '6275', 12, 'TISYA AFLI AMANDA', 'P', NULL, NULL),
(434, '6278', 12, 'VANES DWIKA SEPTI', 'P', NULL, NULL),
(435, '6009', 13, 'ADITYA  ZULIO  CHESAR', 'L', NULL, NULL),
(436, '6016', 13, 'AGRECIA KURNIA NAZARA', 'P', NULL, NULL),
(437, '6018', 13, 'AHMAD MORIS EFFENDI', 'L', NULL, NULL),
(438, '6023', 13, 'AIRIN FIROHMA DIANTI', 'P', NULL, NULL),
(439, '6032', 13, 'ALYSSIA SAFRINA PUTRI', 'P', NULL, NULL),
(440, '6045', 13, 'ARTETA PUTRA PRATAMA', 'L', NULL, NULL),
(441, '6069', 13, 'CLARETTA EARLENE FIORENZA', 'P', NULL, NULL),
(442, '6080', 13, 'DZAKIRAH SHABIYYAH  ISMANTO A K', 'P', NULL, NULL),
(443, '6084', 13, 'ELSYA NOMI ADELIA ', 'P', NULL, NULL),
(444, '6088', 13, 'FAIZUL AZAM FAHRI', 'L', NULL, NULL),
(445, '6091', 13, 'FATHAYA AMRISAL RAMADHAN', 'L', NULL, NULL),
(446, '6094', 13, 'FELIX ADRIAN KREEKEL', 'L', NULL, NULL),
(447, '6098', 13, 'FIRMAN AL-AKBAR', 'L', NULL, NULL),
(448, '6099', 13, 'FIRZA ADELLIA PUTRI ', 'P', NULL, NULL),
(449, '6122', 13, 'KARINA PUTRI LARASSATI', 'P', NULL, NULL),
(450, '6133', 13, 'KHOIRUL UMAM WAHYU LAZUARDI', 'L', NULL, NULL),
(451, '6134', 13, 'KHORIN NUR RAMADHANI ', 'P', NULL, NULL),
(452, '6135', 13, 'KIRANA AURELIA DESMITA FITRIANTI', 'P', NULL, NULL),
(453, '6154', 13, 'MOCH. NAFIS ADHIMUKTI', 'L', NULL, NULL),
(454, '6163', 13, 'MOHAMMAD RIDWAN ABBAD', 'L', NULL, NULL),
(455, '6169', 13, 'MUHAMAD SATRIA HIBATULLOH ', 'L', NULL, NULL),
(456, '6175', 13, 'MUHAMMAD ALI MASYKUR', 'L', NULL, NULL),
(457, '6182', 13, 'MUHAMMAD DAVA PRATAMA YUDHA', 'L', NULL, NULL),
(458, '6186', 13, 'MUHAMMAD HAIDAR RAFLI AZIZI', 'L', NULL, NULL),
(459, '6192', 13, 'MUHAMMAD KEVIN RAMADHAN', 'L', NULL, NULL),
(460, '6200', 13, 'MUHAMMAD RIZQI RAMADANI', 'L', NULL, NULL),
(461, '6203', 13, 'MUTIARA OCTAVIA ADZANI', 'P', NULL, NULL),
(462, '6204', 13, 'NAAFISA KHUSNUL QOTIMAH', 'P', NULL, NULL),
(463, '6220', 13, 'NAYLA CALISTA FEBRINA', 'P', NULL, NULL),
(464, '6226', 13, 'NIDYA HADYANTI ANANDA PUTRI ', 'P', NULL, NULL),
(465, '6228', 13, 'NILNA ALMINAHA AFRILINE', 'P', NULL, NULL),
(466, '6241', 13, 'RAFFI AHMAD RIZKY', 'L', NULL, NULL),
(467, '6255', 13, 'SABITAH CAHYA KAMILAH', 'P', NULL, NULL),
(468, '6279', 13, 'VIO PUTRI NABILA', 'P', NULL, NULL),
(469, '6287', 13, 'YUSTIO HERDIAN SAPUTRA', 'L', NULL, NULL),
(470, '6297', 13, 'ZIBIRA KINANTI QUEEN PRAYOGA', 'P', NULL, NULL),
(471, '6006', 14, 'ADAM OKFAN ALFANI', 'L', NULL, NULL),
(472, '6007', 14, 'ADHARA INES ENDIROSELINA', 'P', NULL, NULL),
(473, '6040', 14, 'ANNAILA ATHAYA ', 'P', NULL, NULL),
(474, '6056', 14, 'AYUNDHA MAHARANI IRAWAN', 'P', NULL, NULL),
(475, '6058', 14, 'BAGUS SYARIF HIDAYATULLOH ', 'L', NULL, NULL),
(476, '6062', 14, 'BELA SAFIRA PUTRI', 'P', NULL, NULL),
(477, '6076', 14, 'DIARA ANANTA PRIMA ', 'P', NULL, NULL),
(478, '6086', 14, 'FACHRIEL FURQON PUTRA BUDI', 'L', NULL, NULL),
(479, '6095', 14, 'FIA DWI NUR AINI', 'P', NULL, NULL),
(480, '6097', 14, 'FIRDA YULIANTI', 'P', NULL, NULL),
(481, '6101', 14, 'GENDIS OKTAVIANA PUTRI', 'P', NULL, NULL),
(482, '6103', 14, 'GIVANO FIRMANSYAH FRISDINARA', 'L', NULL, NULL),
(483, '6106', 14, 'HASBIB MASRUR AL HADDAD', 'L', NULL, NULL),
(484, '6116', 14, 'JANUAR ZAKI HAMZAN WADI ', 'L', NULL, NULL),
(485, '6137', 14, 'LEO FAJAR RIZQO MOLLET', 'L', NULL, NULL),
(486, '6145', 14, 'M. VINZA ZAINI PUTRA', 'L', NULL, NULL),
(487, '6148', 14, 'MADELIEF ENGRACIA AZZAHRA', 'P', NULL, NULL),
(488, '6153', 14, 'MITA AZZAHRA KIRANI ', 'P', NULL, NULL),
(489, '6158', 14, 'MOCHAMMAD FATKUR ROZI', 'L', NULL, NULL),
(490, '6160', 14, 'MOHAMAD FAJAR RIFA\'I', 'L', NULL, NULL),
(491, '6162', 14, 'MOHAMMAD NAUFAL FAREZKY', 'L', NULL, NULL),
(492, '6174', 14, 'MUHAMMAD ALDO PUTRA RAMADHAN', 'L', NULL, NULL),
(493, '6194', 14, 'MUHAMMAD NUR ALFIAN', 'L', NULL, NULL),
(494, '6198', 14, 'MUHAMMAD RAYHAN EL AABID ', 'L', NULL, NULL),
(495, '6201', 14, 'MUHSYI DAVA ARDIANSYAH ', 'L', NULL, NULL),
(496, '6219', 14, 'NAWANG WULAN ERVINA PRAYOGO', 'P', NULL, NULL),
(497, '6235', 14, 'PAVITA GOLDIEN OKTAVIA', 'P', NULL, NULL),
(498, '6244', 14, 'RAISA AISHWARAY DJOKJA', 'P', NULL, NULL),
(499, '6249', 14, 'RENAIA ANINDYA EL GHANI', 'P', NULL, NULL),
(500, '6251', 14, 'RIKA AYU RETNANI', 'P', NULL, NULL),
(501, '6252', 14, 'RISSAH MAYLANNASARI', 'P', NULL, NULL),
(502, '6257', 14, 'SALWA DEVI AULIYAH', 'P', NULL, NULL),
(503, '6259', 14, 'SELVI OKTAVIA PUTRI', 'P', NULL, NULL),
(504, '6265', 14, 'SHELLA AMELIA', 'P', NULL, NULL),
(505, '6268', 14, 'SITI AISYAH', 'P', NULL, NULL),
(506, '6273', 14, 'TASYA AMELLIA ', 'P', NULL, NULL),
(507, '6299', 14, 'DAVA YUNNA ADI PUTRA ', 'L', NULL, NULL),
(508, '6008', 15, 'ADINDA PUTRI AVIYANTI ', 'P', NULL, NULL),
(509, '6011', 15, 'ADRIAN RIZKY BRAMANTYO PUTRA', 'L', NULL, NULL),
(510, '6012', 15, 'AFIKA DANEDEA PRAMITA', 'P', NULL, NULL),
(511, '6017', 15, 'AGUNG PRASETYO ', 'L', NULL, NULL),
(512, '6042', 15, 'AQILIA ROSE VITA PUTRI', 'P', NULL, NULL),
(513, '6055', 15, 'AYUB TRI ARYANTO', 'L', NULL, NULL),
(514, '6071', 15, 'DAVINA KARTIKA DWI DIANSYAH ', 'P', NULL, NULL),
(515, '6083', 15, 'ELLIS GAVRILLA AZARIA RIANI', 'P', NULL, NULL),
(516, '6089', 15, 'FAREL MAHARDIKA ', 'L', NULL, NULL),
(517, '6109', 15, 'HERLIAN DAFA DWI PUTRA ', 'L', NULL, NULL),
(518, '6111', 15, 'IKA DIANA PUTRI', 'P', NULL, NULL),
(519, '6139', 15, 'LYRA AYU AZ-ZASKIA', 'P', NULL, NULL),
(520, '6146', 15, 'M.OKTAVIOKA RIZKY PRANANJAYA ', 'L', NULL, NULL),
(521, '6155', 15, 'MOCHAMAD ALFARIC FAJAR RIFANDI', 'L', NULL, NULL),
(522, '6157', 15, 'MOCHAMAD QOWLY ADJI SANTOSO', 'L', NULL, NULL),
(523, '6159', 15, 'MOCHMMAD EZA ALFARYZI ', 'L', NULL, NULL),
(524, '6171', 15, 'MUHAMMAD ADITYA RIFAI ', 'L', NULL, NULL),
(525, '6172', 15, 'MUHAMMAD AFRIZAL INDRIANTO', 'L', NULL, NULL),
(526, '6173', 15, 'MUHAMMAD AKBAR FAROZIE', 'L', NULL, NULL),
(527, '6189', 15, 'MUHAMMAD ICHLASUL KARIM', 'L', NULL, NULL),
(528, '6191', 15, 'MUHAMMAD ILHAM SYABRIAN ', 'L', NULL, NULL),
(529, '6205', 15, 'NABILLA HISYAH PERMADANI', 'P', NULL, NULL),
(530, '6210', 15, 'NAILATUL INAYAH ', 'P', NULL, NULL),
(531, '6214', 15, 'NAOMI PUTRI RIANDNY', 'P', NULL, NULL),
(532, '6216', 15, 'NASWA AZZAHRA PUTRI AJI', 'P', NULL, NULL),
(533, '6224', 15, 'NAZWA SABILA FATIHAH ', 'P', NULL, NULL),
(534, '6234', 15, 'NUR FAUZI RAMADHAN', 'L', NULL, NULL),
(535, '6236', 15, 'PUTRI AMALIN FORTUNA ', 'P', NULL, NULL),
(536, '6247', 15, 'REAL AL MAHRI', 'L', NULL, NULL),
(537, '6253', 15, 'RIZAL', 'L', NULL, NULL),
(538, '6254', 15, 'RIZQI WINO RAMADHAN', 'L', NULL, NULL),
(539, '6266', 15, 'SHOFIE YUDIS ROHMA RAHMADANI', 'P', NULL, NULL),
(540, '6267', 15, 'SILVIA NURJANAH', 'P', NULL, NULL),
(541, '6276', 15, 'TRISTAN RADITYA SUPRIANTO ', 'L', NULL, NULL),
(542, '6282', 15, 'WIDYA LAILLATUL ANGGRAINI', 'P', NULL, NULL),
(543, '6294', 15, 'RAFFA RAFLY AHMAD AL JABIM', 'L', NULL, NULL),
(544, '6013', 16, 'AFISA FATMA FATRI ', 'P', NULL, NULL),
(545, '6031', 16, 'ALMIRA PUTRI PURWANTO ', 'P', NULL, NULL),
(546, '6044', 16, 'ARFA DWI OKTA PRADANA', 'L', NULL, NULL),
(547, '6047', 16, 'ARYA AKBAR SEPTIAWAN', 'L', NULL, NULL),
(548, '6049', 16, 'AULIA HASNA QONITAH ', 'P', NULL, NULL),
(549, '6059', 16, 'BAMMA ALVARO PUTRA WINAGI', 'L', NULL, NULL),
(550, '6077', 16, 'DINAR SEKAR NUR CAHAYANI ', 'P', NULL, NULL),
(551, '6082', 16, 'ELFIRA PUTRI WARDANTI ', 'P', NULL, NULL),
(552, '6090', 16, 'FASYA ALMEIRA AZZAHRAH', 'P', NULL, NULL),
(553, '6093', 16, 'FAYZA KULLA AZMINA', 'P', NULL, NULL),
(554, '6104', 16, 'HAAFIDZAH VIORENSIA ZAAHIRA', 'P', NULL, NULL),
(555, '6105', 16, 'HAFIZHAH EKA LUTFIANA', 'P', NULL, NULL),
(556, '6108', 16, 'HENDRIK DWI ARIFIYANTO', 'L', NULL, NULL),
(557, '6119', 16, 'JIHAN LAILATUL FITRIA ', 'P', NULL, NULL),
(558, '6128', 16, 'KEVAN RAFARTY HARAZ', 'L', NULL, NULL),
(559, '6130', 16, 'KHALILA AURELIA TSABITA ', 'P', NULL, NULL),
(560, '6164', 16, 'MUCH. FAHRI AKBAR', 'L', NULL, NULL),
(561, '6168', 16, 'MUH. ARLAN AL FARIZY ', 'L', NULL, NULL),
(562, '6193', 16, 'MUHAMMAD MAULANA IRZAD', 'L', NULL, NULL),
(563, '6195', 16, 'MUHAMMAD OZIL HUSNA ARSAPUTRA', 'L', NULL, NULL),
(564, '6197', 16, 'MUHAMMAD RAMADHAN BUDIJANTO', 'L', NULL, NULL),
(565, '6207', 16, 'NABITA JUWANANTA ', 'P', NULL, NULL),
(566, '6222', 16, 'NAYSILLA NOVI RAHMAWATI', 'P', NULL, NULL),
(567, '6223', 16, 'NAZAR AL FARIZI TRIMULYANA', 'L', NULL, NULL),
(568, '6229', 16, 'NIZAM FADHIL MAULANA ', 'L', NULL, NULL),
(569, '6232', 16, 'NUR AYU PUTRI MAZIIDAH', 'P', NULL, NULL),
(570, '6239', 16, 'RADITYA RASYA', 'P', NULL, NULL),
(571, '6243', 16, 'RAIHANAH RAZANI', 'P', NULL, NULL),
(572, '6246', 16, 'RAYA WISNU ADJI', 'L', NULL, NULL),
(573, '6248', 16, 'REIMA ARSANOVY AZ ZAHRA', 'P', NULL, NULL),
(574, '6250', 16, 'REYHAN RADIT ALVIANTO', 'L', NULL, NULL),
(575, '6260', 16, 'SEPTINO HERVIANTO RAMADHAN', 'L', NULL, NULL),
(576, '6264', 16, 'SHAVIRA ARINI AZZHARRAH', 'P', NULL, NULL),
(577, '6290', 16, 'ZEGA AIDIL PRASETYA', 'L', NULL, NULL),
(578, '6293', 16, 'FADILA YOGATAMA', 'L', NULL, NULL),
(579, '6296', 16, 'MUHAMMAD RAFLY RICHARD PUTRA', 'L', NULL, NULL);

-- --------------------------------------------------------

--
-- Table structure for table `tb_buku`
--

CREATE TABLE `tb_buku` (
  `id_buku` char(20) COLLATE utf8mb4_unicode_ci NOT NULL,
  `judul` char(200) COLLATE utf8mb4_unicode_ci NOT NULL,
  `jilid` char(25) COLLATE utf8mb4_unicode_ci DEFAULT NULL,
  `isbn` char(25) COLLATE utf8mb4_unicode_ci DEFAULT NULL,
  `pengarang` char(225) COLLATE utf8mb4_unicode_ci NOT NULL,
  `class_id` int UNSIGNED NOT NULL,
  `tmp_terbit` char(150) CHARACTER SET utf8mb4 COLLATE utf8mb4_unicode_ci NOT NULL,
  `penerbit` char(150) COLLATE utf8mb4_unicode_ci NOT NULL,
  `tahun_terbit` year NOT NULL,
  `stok_buku` int NOT NULL,
  `sisa_exemplar` int NOT NULL,
  `deskripsi` longtext COLLATE utf8mb4_unicode_ci,
  `cover` varchar(255) COLLATE utf8mb4_unicode_ci DEFAULT NULL,
  `created_at` timestamp NULL DEFAULT NULL,
  `updated_at` timestamp NULL DEFAULT NULL
) ENGINE=InnoDB DEFAULT CHARSET=utf8mb4 COLLATE=utf8mb4_unicode_ci;

--
-- Dumping data for table `tb_buku`
--

INSERT INTO `tb_buku` (`id_buku`, `judul`, `jilid`, `isbn`, `pengarang`, `class_id`, `tmp_terbit`, `penerbit`, `tahun_terbit`, `stok_buku`, `sisa_exemplar`, `deskripsi`, `cover`, `created_at`, `updated_at`) VALUES
('BK000001', 'Rahasia Kehidupan Cinta Nabi Muhammad S.A.W: Mengungkap Sisi Romantis Rasulullah Beserta Istri-Istrinya', '-', '979-16013-4-8', 'Joko Syahban', 21, 'Yoygakarta', 'Beranda Publishing', '2010', 4, 4, '-', '', '2023-10-02 20:10:47', '2024-08-06 15:53:38'),
('BK000002', 'Mutiara-Mutiara Dakwah K.H. Hasyim Asy\'Ari', '-', '978-602-96744-3-9', 'Dr. Samsul Ma\'arif', 21, 'Bogor', 'Kanza', '2011', 3, 3, '-', '', '2023-10-02 20:10:47', NULL),
('BK000003', 'Ilmuwan-Ilmuwan Muslim Yang Mengubah Dunia', '-', '978-979-727-579-2', 'Muhammad Ali Ustman', 21, 'Yogyakarta', 'Beranda Publishing', '2010', 3, 3, '-', '', '2023-10-02 20:10:47', NULL),
('BK000004', 'Shalawat Bukti Cinta Rasul', '-', '-', 'Abu Bakar bin Muhammad Al-Hambali', 21, 'Surakarta', 'Insan Kamil', '2014', 4, 3, '-', '', '2023-06-14 20:53:27', '2024-08-06 07:42:43'),
('BK000005', 'Rahasia Meraih Kekhusyu\'an Shalat', '-', '978-602-967-441-5', 'Syekh Mahmud Badi', 21, 'Jakarta', 'Kanza', '2011', 4, 4, '-', '', '2023-10-02 20:10:47', NULL),
('BK000006', 'Juz \'Amma Untuk Sobat Cilik', '-', '978-979-1948-93-7', 'Tim Kreatif Regina', 21, 'Bogor', 'Regina', '2011', 4, 4, '-', NULL, '2023-10-02 20:10:47', '2024-08-05 06:17:23'),
('BK000007', 'Sekilas Mengenal Ekspor dan Impor', '-', '978-602-7607-67-5', 'Dr. Ratni Heliati S.E, M.Si., Drs Kosasih A. Darsono, M.M.', 21, 'Bandung', 'CV. Thursina', '2013', 3, 3, '-', '', '2023-10-02 20:10:47', '2024-08-05 06:10:51'),
('BK000008', 'Al-Adzkar Imam An Nawawi: Ensiklopedi Dzikir dan Doa yang bersumber dari Alquran dan Al-Hdist', '-', '978-602-6337-20-7', 'Ishamuddin Ash Shababti', 21, 'Sukoharjo', 'Kuttab', '2013', 4, 3, '-', '', '2023-10-02 20:10:47', '2024-08-09 14:16:48'),
('BK000009', 'Shahih Fiqh Sunnah Wanita: Hukum-hukum Fiqih Yang Wajib diketahui Oleh Setiap Muslim', '-', '-', 'Abu Malik Kanal Bin Sayyid Salim', 21, 'Solo', 'Al Hambra', '2015', 4, 4, '-', '', '2023-10-02 20:10:47', NULL),
('BK000010', 'Bungkus Unik Kado Cantik', '-', '978-602-96430-1-8', 'Lanny Surya Kusuma', 61, 'Bandung', 'TeenSmart', '2009', 5, 5, '-', '', '2023-10-02 20:10:47', NULL),
('BK000011', 'Ternyata Aku Perlu Tahu Hadis Loh!', '-', '-', 'Nashruddin Syarief M. Pd.I.', 21, 'Bandung', 'PT Ikhlas Media', '2009', 4, 4, '-', '', '2023-11-03 20:12:32', NULL),
('BK000012', 'Masakan Sunda Populer & Lezat', '-', '978-979-1477-08-6', 'Yeni Ismayani', 61, 'Jakarta', 'Kriya Pustaka', '2008', 5, 5, '-', '', '2023-11-03 20:12:32', NULL),
('BK000013', 'Masakan Jawa Populer & Lezat', '-', '978-979-1477-23-9', 'Siti Fatimah', 61, 'Jakarta', 'Kriya Pustaka', '2008', 5, 5, '-', '', '2023-11-03 20:12:32', NULL),
('BK000014', '50 Masakan Rumahan Favorit & Lezat', '-', '978-979-1477-70-3', 'Aiwida Farida', 61, 'Jakarta', 'Kriya Pustaka', '2009', 5, 5, '-', '', '2023-11-03 20:12:32', NULL),
('BK000015', 'Aneka Soto Nusantara', '-', '978-979-1477-87-1', 'Siti Fatimah', 61, 'Jakarta', 'Kriya Pustaka', '2008', 3, 3, '-', '', '2023-11-03 20:12:32', NULL),
('BK000016', '200 Tip Anti Gagal Membuat Kue, Cake & Roti', '-', '-', 'Purbo Yudowinoto', 61, 'Jakarta', 'Kriya Pustaka', '2008', 4, 4, '-', '', '2023-11-03 20:12:32', NULL),
('BK000017', 'Variasi Sambal Nusantara', '-', '978-979-1477-89-5', 'Sri Loebis', 61, 'Jakarta', 'Kriya Pustaka', '2009', 4, 4, '-', '', '2023-11-05 20:13:25', NULL),
('BK000018', 'Bisnis Manis Masakan Rumahan', '-', '978-979-1477-98-7', 'Wied Harry Apriadji', 61, 'Jakarta', 'Kriya Pustaka', '2010', 4, 4, '-', '', '2023-11-05 20:13:25', NULL),
('BK000019', 'Hidangan Favorit Berkuah', '-', '979-1133-19-0', 'Budi Sutomo', 61, 'Jakarta', 'Puspa Swara', '2006', 4, 4, '-', '', '2023-11-05 20:13:25', NULL),
('BK000020', 'Hidangan Istimewa Siomay & Batagor', '-', '978-979-1477-13-0', 'Siti Fatimah', 61, 'Jakarta', 'Kriya Pustaka', '2008', 4, 4, '-', '', '2023-11-05 20:13:25', NULL),
('BK000021', 'Hidangan Istimewa Sup & Soto', '-', '978-979-1477-17-8', 'Yeni Ismayani', 61, 'Jakarta', 'Kriya Pustaka', '2008', 5, 5, '-', '', '2023-11-05 20:13:25', NULL),
('BK000022', 'Penyejuk Hati', '-', '978-602-70404-1-0', 'Muhiburrahman Abu Zafirah', 81, 'Solo', 'Taujih', '2014', 4, 4, '-', '', '2023-11-05 20:15:41', NULL),
('BK000023', 'Melon', '-', '-', 'Tim Redaksi', 61, 'Surakarta', 'Delta Media', '2009', 5, 5, '-', '', '2023-11-05 20:15:41', NULL),
('BK000024', 'Pembenihan Lele', '-', '978-602-8603-06-5', 'Didik Efendi', 61, 'Surakarta', 'Delta Media', '2009', 2, 2, '-', '', '2023-11-05 20:15:41', NULL),
('BK000025', 'Bawang Merah', '-', '978-602-8603-08-9', 'Sudarmanto', 61, 'Surakarta', 'Delta Media', '2009', 5, 5, '-', '', '2023-11-05 20:15:41', NULL),
('BK000026', 'Buku Aktivitas Anak Islam', '-', '-', 'K. Budininsih', 21, 'Surakarta', 'Al Quds Publishin', '2013', 3, 3, '-', '', '2024-06-18 20:16:25', NULL),
('BK000027', 'Mengenal Sistem Pemerintahan', '-', '-', 'Qomarudin', 31, 'Surakarta', 'PT Widya Duta Grafika', '2010', 4, 4, '-', '', '2024-06-18 20:16:25', NULL),
('BK000028', 'Tata Surya', '-', '979-517-444-4', 'Khamim, S.Pd', 51, 'Surakarta', 'PT Widya Duta Grafika', '2009', 3, 3, '-', '', '2024-06-18 20:16:25', '2024-08-06 15:58:18'),
('BK000029', 'The Forbidden Country', '-', '-', 'Dr Saiful Bahri, M.A.', 31, 'Surakarta', 'PT Widya Duta Grafika', '2014', 4, 4, '-', '', '2024-06-18 20:16:25', NULL),
('BK000030', 'Aneka Olahan Bebek', '-', '978-602-18047-2-8', 'Nining Prikasih', 61, 'Bandung', 'PT Ikhlas Media', '2012', 4, 4, '-', '', '2024-06-18 20:16:25', NULL),
('BK000031', 'Teknik dan Kunci Dasar Wing Chun Traditional IP MAN', '-', '978-602-2957-502-6', 'Martin Kusuma', 61, 'Bandung', 'CV Visi Aulia Jaya', '2012', 4, 4, '-', '', '2024-06-18 20:16:25', NULL),
('BK000032', 'Bahasa Indonesia: Berbasis Kepenulisan Karya Ilmiah dan Jurnal', '-', '-', 'Dr E. Kosasih, M.Pd., Drs Wawan Hermawan, M.Pd', 41, 'Bandung', 'Thursina', '2012', 4, 4, '-', '', '2024-06-19 20:16:25', NULL),
('BK000033', 'Doa dzikir & wirid sehari-hari: menurut Al-Qur\'an & As-Sunnah', '-', '-', 'Sa\'id bin Ali Wahf Al-Qathani', 21, 'Sukoharjo', 'Insan Kamil', '2006', 3, 3, '-', '', '2024-06-19 20:16:25', NULL),
('BK000034', 'Mengungkap Tabir Otak Tengah', '-', '978-602-9014-04-4', 'Pramita Gayatri, Nani Nuraeni', 31, 'Yoygakarta', 'Pustaka Rama', '2011', 4, 4, '-', '', '2024-06-19 20:16:25', NULL),
('BK000035', 'Diary Ramadhan: Mengetuk Pintu Ar-Rayyan', '-', '978-602-14674-1-1', 'Aisya Avicenna, Keisya Avicenna', 21, 'Semarang', 'DNA Creative House', '2014', 3, 3, '-', '', '2024-06-19 20:16:25', NULL),
('BK000036', 'Ensiklopedia Hikmah', '-', '978-602-8171-16-8', 'Ibnu Abdul Bari El-Afifi', 21, 'Sukoharjo', 'Kuttab Publishing', '2016', 2, 2, '-', '', '2024-06-19 20:16:25', '2024-08-06 07:43:16'),
('BK000037', 'Powerful Muhammad S.A.W', '-', '-', 'Sonny Sandy', 21, 'Jakarta', 'Powerful Publishing', '2013', 5, 5, '-', '', '2024-07-16 20:18:48', '2024-08-09 14:17:55'),
('BK000038', 'Seri Kesenian: Perjalanan Musik Legendaris 1', '-', '979-517-530-0', 'Iwan Setiawan, Adi Asmara', 71, 'Surakarta', 'PT Widya Duta Grafika', '2007', 4, 4, '-', '', '2024-07-16 20:18:48', NULL),
('BK000039', 'Karena Engkau Istri Sholihah', '-', '-', 'Insan Kamil Al Bantagi', 21, 'Surakarta', 'Grazzo Media', '2016', 3, 3, '-', '', '2024-07-16 20:18:48', NULL),
('BK000040', 'Hafalan Buyar Tanda Tak Pintar', '-', '978-602-8171-13-7', 'Ibnul Jauzi', 21, 'Sukoharjo', 'Kuttab Publishing', '2016', 4, 4, '-', '', '2024-07-16 20:18:48', NULL),
('BK000041', 'Gila Baca ala Ulama', '-', '-', 'Ali Bin Muhammad Al\'Imran', 21, 'Solo', 'Kuttab Publishing', '2016', 4, 4, '-', '', '2024-07-16 20:18:48', NULL),
('BK000042', 'Lika Ahli Logika', '-', '979-602-17466-0-8', 'Raymond', 51, 'Solo', 'Toko Surya', '2012', 4, 3, '-', '', '2024-07-16 20:18:48', '2024-08-08 06:35:05'),
('BK000043', 'Seri Kesenian: Kesenian Dearah dan Lagu-lagu Daerah', '-', '-', 'Cendi Yuliana', 71, 'Surakarta', 'PT Widya Duta Grafika', '2008', 4, 4, '-', '', '2024-07-16 20:18:48', NULL),
('BK000044', 'Puyuh', '-', '978-602-8603-15-7', 'Tri Harjanto, S. Si', 61, 'Surakarta', 'Delta Media', '2009', 4, 4, '-', '', '2024-07-16 20:18:48', NULL),
('BK000045', 'Rahasia Panjang Umur', '-', '602-17096-4-0', 'Muhammad Mahmud Abdullah', 30, 'Solo', 'Al Hambo', '2012', 4, 4, '-', '', '2024-07-26 20:53:51', NULL),
('BK000046', 'Teka Teki Geblek Asal Goblek', '-', '-', 'Cerry Anastasia', 81, 'Solo', 'Aksara Media', '2010', 6, 6, '-', '', '2024-07-25 20:20:23', NULL),
('BK000047', 'Seri IPS (Ekonomi) Sejarang Uang', '-', '979-517-545-9', 'Erna Susilowati', 31, 'Surakarta', 'PT Widya Duta Grafika', '2007', 3, 3, '-', '', '2024-07-25 20:20:23', NULL),
('BK000048', 'Curhat Bersama Nabi', '-', '978-602-96886-0-3', 'Adil Fathi Abdullah', 21, 'Solo', 'Al Bayan', '2010', 3, 3, '-', '', '2024-07-25 20:20:23', NULL),
('BK000049', 'Rias Wajah', '-', '978-602-14085-0-6', 'Bobbu Hardika', 31, 'Magelang', 'Magelang Ekspress', '2013', 4, 4, '-', '', '2024-07-25 20:20:23', NULL),
('BK000050', 'Anak Bos Lebay', '-', '-', 'Muhtadi Kadi', 81, 'Yogyakarta', 'Pustaka Rama', '2011', 5, 5, '-', '', '2024-07-25 20:20:23', NULL),
('BK000051', 'Bagaimana Caranya Aku Setia Padamu', '-', '082391571239', 'Aditya Martin', 81, 'Surabaya', 'Tim Cook', '2020', 10, 10, 'Bagaimana saya bisa setia pada seterusnya', NULL, '2024-08-09 14:08:42', NULL);

-- --------------------------------------------------------

--
-- Table structure for table `tb_ddc`
--

CREATE TABLE `tb_ddc` (
  `id_class` int UNSIGNED NOT NULL,
  `kode_class` char(250) COLLATE utf8mb4_unicode_ci NOT NULL,
  `ket` longtext COLLATE utf8mb4_unicode_ci NOT NULL,
  `created_at` timestamp NULL DEFAULT NULL,
  `updated_at` timestamp NULL DEFAULT NULL
) ENGINE=InnoDB DEFAULT CHARSET=utf8mb4 COLLATE=utf8mb4_unicode_ci;

--
-- Dumping data for table `tb_ddc`
--

INSERT INTO `tb_ddc` (`id_class`, `kode_class`, `ket`, `created_at`, `updated_at`) VALUES
(1, '000', 'Karya umum', '2024-07-15 21:14:28', '2024-07-15 21:14:28'),
(2, '010', 'Bibliografi', '2024-07-15 21:14:28', '2024-07-15 21:14:28'),
(3, '020', 'Ilmu perpustakaan, informasi, dan ilmu umum', '2024-07-15 21:14:28', '2024-07-15 21:14:28'),
(4, '030', 'Ensiklopedia dan buku yang sangat berharga', '2024-07-15 21:14:28', '2024-07-15 21:14:28'),
(5, '040', 'Kumpulan esai', '2024-07-15 21:14:28', '2024-07-15 21:14:28'),
(6, '050', 'Terbitan berkala', '2024-07-15 21:14:28', '2024-07-15 21:14:28'),
(7, '060', 'Organisasi dan manajemen', '2024-07-15 21:14:28', '2024-07-15 21:14:28'),
(8, '070', 'Jurnalisme, penerbitan, dan berita', '2024-07-15 21:14:28', '2024-07-15 21:14:28'),
(9, '080', 'Kumpulan karya dalam berbagai bentuk sastra', '2024-07-15 21:14:28', '2024-07-15 21:14:28'),
(10, '090', 'Manuskrip dan buku langka', '2024-07-15 21:14:28', '2024-07-15 21:14:28'),
(11, '100', 'Filsafat', '2024-07-15 21:14:28', '2024-07-15 21:14:28'),
(12, '110', 'Metafisika', '2024-07-15 21:14:28', '2024-07-15 21:14:28'),
(13, '120', 'Epistemologi, kausalitas, dan manusia', '2024-07-15 21:14:28', '2024-07-15 21:14:28'),
(14, '130', 'Fenomena paranormal', '2024-07-15 21:14:28', '2024-07-15 21:14:28'),
(15, '140', 'Sekolah filsafat tertentu', '2024-07-15 21:14:28', '2024-07-15 21:14:28'),
(16, '150', 'Psikologi', '2024-07-15 21:14:28', '2024-07-15 21:14:28'),
(17, '160', 'Logika', '2024-07-15 21:14:28', '2024-07-15 21:14:28'),
(18, '170', 'Etika', '2024-07-15 21:14:28', '2024-07-15 21:14:28'),
(19, '180', 'Filsafat kuno, abad pertengahan, dan timur', '2024-07-15 21:14:28', '2024-07-15 21:14:28'),
(20, '190', 'Filsafat barat modern', '2024-07-15 21:14:28', '2024-07-15 21:14:28'),
(21, '200', 'Agama', '2024-07-15 21:14:28', '2024-07-15 21:14:28'),
(22, '210', 'Filsafat dan teori agama', '2024-07-15 21:14:28', '2024-07-15 21:14:28'),
(23, '220', 'Alkitab', '2024-07-15 21:14:28', '2024-07-15 21:14:28'),
(24, '230', 'Teologi Kristen', '2024-07-15 21:14:28', '2024-07-15 21:14:28'),
(25, '240', 'Teologi moral dan devosi Kristen', '2024-07-15 21:14:28', '2024-07-15 21:14:28'),
(26, '250', 'Praktek Kristen dan gereja lokal', '2024-07-15 21:14:28', '2024-07-15 21:14:28'),
(27, '260', 'Sosial dan kelompok Kristen', '2024-07-15 21:14:28', '2024-07-15 21:14:28'),
(28, '270', 'Sejarah Kekristenan', '2024-07-15 21:14:28', '2024-07-15 21:14:28'),
(29, '280', 'Sekte dan denominasi Kristen', '2024-07-15 21:14:28', '2024-07-15 21:14:28'),
(30, '290', 'Agama lain', '2024-07-15 21:14:28', '2024-07-15 21:14:28'),
(31, '300', 'Ilmu Sosial', '2024-07-15 21:14:28', '2024-07-15 21:14:28'),
(32, '310', 'Statistik', '2024-07-15 21:14:28', '2024-07-15 21:14:28'),
(33, '320', 'Ilmu politik', '2024-07-15 21:14:28', '2024-07-15 21:14:28'),
(34, '330', 'Ekonomi', '2024-07-15 21:14:28', '2024-07-15 21:14:28'),
(35, '340', 'Hukum', '2024-07-15 21:14:28', '2024-07-15 21:14:28'),
(36, '350', 'Administrasi publik dan ilmu militer', '2024-07-15 21:14:28', '2024-07-15 21:14:28'),
(37, '360', 'Masalah sosial dan layanan sosial; asosiasi', '2024-07-15 21:14:28', '2024-07-15 21:14:28'),
(38, '370', 'Pendidikan', '2024-07-15 21:14:28', '2024-07-15 21:14:28'),
(39, '380', 'Perdagangan, komunikasi, dan transportasi', '2024-07-15 21:14:28', '2024-07-15 21:14:28'),
(40, '390', 'Kebiasaan, etiket, dan folklor', '2024-07-15 21:14:28', '2024-07-15 21:14:28'),
(41, '400', 'Bahasa', '2024-07-15 21:14:28', '2024-07-15 21:14:28'),
(42, '410', 'Linguistik', '2024-07-15 21:14:28', '2024-07-15 21:14:28'),
(43, '420', 'Bahasa Inggris dan Inggris Kuno (Anglo-Saxon)', '2024-07-15 21:14:28', '2024-07-15 21:14:28'),
(44, '430', 'Bahasa Jerman', '2024-07-15 21:14:28', '2024-07-15 21:14:28'),
(45, '440', 'Bahasa Perancis dan bahasa terkait', '2024-07-15 21:14:28', '2024-07-15 21:14:28'),
(46, '450', 'Bahasa Italia, Rumania, dan bahasa terkait', '2024-07-15 21:14:28', '2024-07-15 21:14:28'),
(47, '460', 'Bahasa Spanyol, Portugis, dan Galisia', '2024-07-15 21:14:28', '2024-07-15 21:14:28'),
(48, '470', 'Bahasa Latin dan Italik', '2024-07-15 21:14:28', '2024-07-15 21:14:28'),
(49, '480', 'Bahasa Yunani dan Helenik', '2024-07-15 21:14:28', '2024-07-15 21:14:28'),
(50, '490', 'Bahasa lainnya', '2024-07-15 21:14:28', '2024-07-15 21:14:28'),
(51, '500', 'Ilmu Alam dan Matematika', '2024-07-15 21:14:28', '2024-07-15 21:14:28'),
(52, '510', 'Matematika', '2024-07-15 21:14:28', '2024-07-15 21:14:28'),
(53, '520', 'Astronomi', '2024-07-15 21:14:28', '2024-07-15 21:14:28'),
(54, '530', 'Fisika', '2024-07-15 21:14:28', '2024-07-15 21:14:28'),
(55, '540', 'Kimia', '2024-07-15 21:14:28', '2024-07-15 21:14:28'),
(56, '550', 'Ilmu Bumi', '2024-07-15 21:14:28', '2024-07-15 21:14:28'),
(57, '560', 'Paleontologi; Paleozoologi', '2024-07-15 21:14:28', '2024-07-15 21:14:28'),
(58, '570', 'Ilmu kehidupan; Biologi', '2024-07-15 21:14:28', '2024-07-15 21:14:28'),
(59, '580', 'Ilmu tanaman (Botani)', '2024-07-15 21:14:28', '2024-07-15 21:14:28'),
(60, '590', 'Ilmu hewan (Zoologi)', '2024-07-15 21:14:28', '2024-07-15 21:14:28'),
(61, '600', 'Teknologi (Ilmu terapan)', '2024-07-15 21:14:28', '2024-07-15 21:14:28'),
(62, '610', 'Kedokteran dan kesehatan', '2024-07-15 21:14:28', '2024-07-15 21:14:28'),
(63, '620', 'Rekayasa dan operasi terkait', '2024-07-15 21:14:28', '2024-07-15 21:14:28'),
(64, '630', 'Pertanian dan teknologi terkait', '2024-07-15 21:14:28', '2024-07-15 21:14:28'),
(65, '640', 'Manajemen rumah tangga dan keluarga', '2024-07-15 21:14:28', '2024-07-15 21:14:28'),
(66, '650', 'Manajemen dan hubungan publik', '2024-07-15 21:14:28', '2024-07-15 21:14:28'),
(67, '660', 'Teknologi kimia', '2024-07-15 21:14:28', '2024-07-15 21:14:28'),
(68, '670', 'Manufaktur', '2024-07-15 21:14:28', '2024-07-15 21:14:28'),
(69, '680', 'Produk manufaktur untuk penggunaan tertentu', '2024-07-15 21:14:28', '2024-07-15 21:14:28'),
(70, '690', 'Bangunan', '2024-07-15 21:14:28', '2024-07-15 21:14:28'),
(71, '700', 'Kesenian', '2024-07-15 21:14:28', '2024-07-15 21:14:28'),
(72, '710', 'Perencanaan dan arsitektur lansekap', '2024-07-15 21:14:28', '2024-07-15 21:14:28'),
(73, '720', 'Arsitektur', '2024-07-15 21:14:28', '2024-07-15 21:14:28'),
(74, '730', 'Seni patung, keramik, dan logam', '2024-07-15 21:14:28', '2024-07-15 21:14:28'),
(75, '740', 'Menggambar dan seni dekoratif', '2024-07-15 21:14:28', '2024-07-15 21:14:28'),
(76, '750', 'Melukis', '2024-07-15 21:14:28', '2024-07-15 21:14:28'),
(77, '760', 'Seni grafis', '2024-07-15 21:14:28', '2024-07-15 21:14:28'),
(78, '770', 'Fotografi dan foto komputer', '2024-07-15 21:14:28', '2024-07-15 21:14:28'),
(79, '780', 'Musik', '2024-07-15 21:14:28', '2024-07-15 21:14:28'),
(80, '790', 'Olahraga, permainan, dan hiburan', '2024-07-15 21:14:28', '2024-07-15 21:14:28'),
(81, '800', 'Sastra', '2024-07-15 21:14:28', '2024-07-15 21:14:28'),
(82, '810', 'Sastra Amerika dalam bahasa Inggris', '2024-07-15 21:14:28', '2024-07-15 21:14:28'),
(83, '820', 'Sastra Inggris dan Inggris lama', '2024-07-15 21:14:28', '2024-07-15 21:14:28'),
(84, '830', 'Sastra Jerman', '2024-07-15 21:14:28', '2024-07-15 21:14:28'),
(85, '840', 'Sastra Perancis', '2024-07-15 21:14:28', '2024-07-15 21:14:28'),
(86, '850', 'Sastra Italia, Rumania, dan Latin', '2024-07-15 21:14:28', '2024-07-15 21:14:28'),
(87, '860', 'Sastra Spanyol, Portugis, dan Galisia', '2024-07-15 21:14:28', '2024-07-15 21:14:28'),
(88, '870', 'Sastra Latin', '2024-07-15 21:14:28', '2024-07-15 21:14:28'),
(89, '880', 'Sastra Yunani klasik', '2024-07-15 21:14:28', '2024-07-15 21:14:28'),
(90, '890', 'Sastra dalam bahasa lain', '2024-07-15 21:14:28', '2024-07-15 21:14:28'),
(91, '900', 'Sejarah', '2024-07-15 21:14:28', '2024-07-15 21:14:28'),
(92, '910', 'Geografi dan perjalanan', '2024-07-15 21:14:28', '2024-07-15 21:14:28'),
(93, '920', 'Biografi, silsilah, dan insignia', '2024-07-15 21:14:28', '2024-07-15 21:14:28'),
(94, '930', 'Sejarah dunia kuno (hingga sekitar 499 M)', '2024-07-15 21:14:28', '2024-07-15 21:14:28'),
(95, '940', 'Sejarah Eropa', '2024-07-15 21:14:28', '2024-07-15 21:14:28'),
(96, '950', 'Sejarah Asia', '2024-07-15 21:14:28', '2024-07-15 21:14:28'),
(97, '960', 'Sejarah Afrika', '2024-07-15 21:14:28', '2024-07-15 21:14:28'),
(98, '970', 'Sejarah Amerika Utara', '2024-07-15 21:14:28', '2024-07-15 21:14:28'),
(99, '980', 'Sejarah Amerika Selatan', '2024-07-15 21:14:28', '2024-07-15 21:14:28'),
(100, '990', 'Sejarah daerah lain', '2024-07-15 21:14:28', '2024-07-15 21:14:28');

-- --------------------------------------------------------

--
-- Table structure for table `tb_denda`
--

CREATE TABLE `tb_denda` (
  `id_denda` int UNSIGNED NOT NULL,
  `nominal_denda` int NOT NULL,
  `status` enum('A','N') COLLATE utf8mb4_unicode_ci NOT NULL,
  `created_at` timestamp NULL DEFAULT NULL,
  `updated_at` timestamp NULL DEFAULT NULL
) ENGINE=InnoDB DEFAULT CHARSET=utf8mb4 COLLATE=utf8mb4_unicode_ci;

--
-- Dumping data for table `tb_denda`
--

INSERT INTO `tb_denda` (`id_denda`, `nominal_denda`, `status`, `created_at`, `updated_at`) VALUES
(1, 500, 'A', '2023-03-14 00:44:02', '2023-05-11 08:19:34'),
(2, 1000, 'N', '2023-05-02 23:23:40', '2024-07-16 20:01:01'),
(3, 1500, 'N', '2024-08-09 14:13:24', '2024-08-09 14:13:24');

-- --------------------------------------------------------

--
-- Table structure for table `tb_kategori`
--

CREATE TABLE `tb_kategori` (
  `id_kategori` int UNSIGNED NOT NULL,
  `kode_kategori` char(10) COLLATE utf8mb4_unicode_ci NOT NULL,
  `kategori` varchar(100) COLLATE utf8mb4_unicode_ci NOT NULL,
  `created_at` timestamp NULL DEFAULT NULL,
  `updated_at` timestamp NULL DEFAULT NULL
) ENGINE=InnoDB DEFAULT CHARSET=utf8mb4 COLLATE=utf8mb4_unicode_ci;

-- --------------------------------------------------------

--
-- Table structure for table `tb_kelas`
--

CREATE TABLE `tb_kelas` (
  `id_kelas` int UNSIGNED NOT NULL,
  `kelas` varchar(50) COLLATE utf8mb4_unicode_ci NOT NULL,
  `created_at` timestamp NULL DEFAULT NULL,
  `updated_at` timestamp NULL DEFAULT NULL
) ENGINE=InnoDB DEFAULT CHARSET=utf8mb4 COLLATE=utf8mb4_unicode_ci;

--
-- Dumping data for table `tb_kelas`
--

INSERT INTO `tb_kelas` (`id_kelas`, `kelas`, `created_at`, `updated_at`) VALUES
(1, 'Kelas-7.1', '2023-03-13 23:19:47', NULL),
(2, 'Kelas-7.2', '2023-03-13 23:19:47', NULL),
(3, 'Kelas-7.3', '2023-03-13 23:19:47', NULL),
(4, 'Kelas-7.4', '2023-03-13 23:19:47', NULL),
(5, 'Kelas-7.5', '2023-03-13 23:19:47', NULL),
(6, 'Kelas-7.6', '2023-03-13 23:19:47', NULL),
(7, 'Kelas-7.7', '2023-03-13 23:19:47', NULL),
(8, 'Kelas-7.8', '2023-03-13 23:19:47', NULL),
(9, 'Kelas-8.1', '2023-03-13 23:19:47', NULL),
(10, 'Kelas-8.2', '2023-03-13 23:19:47', NULL),
(11, 'Kelas-8.3', '2023-03-13 23:19:47', NULL),
(12, 'Kelas-8.4', '2023-03-13 23:19:47', NULL),
(13, 'Kelas-8.5', '2023-03-13 23:19:47', NULL),
(14, 'Kelas-8.6', '2023-03-13 23:19:47', NULL),
(15, 'Kelas-8.7', '2023-03-13 23:19:47', NULL),
(16, 'Kelas-8.8', '2023-03-13 23:19:47', NULL),
(17, 'Kelas-9.1', '2023-03-13 23:19:47', NULL),
(18, 'Kelas-9.2', '2023-03-13 23:19:47', NULL),
(19, 'Kelas-9.3', '2023-03-13 23:19:47', NULL),
(20, 'Kelas-9.4', '2023-03-13 23:19:47', NULL),
(21, 'Kelas-9.5', '2023-03-13 23:19:47', NULL),
(22, 'Kelas-9.6', '2023-03-13 23:19:47', NULL),
(23, 'Kelas-9.7', '2023-03-13 23:19:47', NULL),
(24, 'Kelas-9.8', '2023-03-13 23:19:47', NULL);

-- --------------------------------------------------------

--
-- Table structure for table `tb_kunjungan`
--

CREATE TABLE `tb_kunjungan` (
  `id_kunjungan` int UNSIGNED NOT NULL,
  `anggota_id` int UNSIGNED NOT NULL,
  `nis` varchar(255) COLLATE utf8mb4_unicode_ci DEFAULT NULL,
  `nama_anggota` varchar(255) COLLATE utf8mb4_unicode_ci DEFAULT NULL,
  `kelas` varchar(255) COLLATE utf8mb4_unicode_ci DEFAULT NULL,
  `tgl_kunjungan` date NOT NULL,
  `created_at` timestamp NULL DEFAULT CURRENT_TIMESTAMP,
  `updated_at` timestamp NULL DEFAULT NULL ON UPDATE CURRENT_TIMESTAMP
) ENGINE=InnoDB DEFAULT CHARSET=utf8mb4 COLLATE=utf8mb4_unicode_ci;

--
-- Dumping data for table `tb_kunjungan`
--

INSERT INTO `tb_kunjungan` (`id_kunjungan`, `anggota_id`, `nis`, `nama_anggota`, `kelas`, `tgl_kunjungan`, `created_at`, `updated_at`) VALUES
(1, 353, '6215', 'NARENDRA RAQILLA FAIQ', 'Kelas-8.2', '2024-08-05', '2024-08-05 05:19:36', NULL),
(2, 283, '6540', 'REVANO TIAN PRATAMA', 'Kelas-7.8', '2024-08-05', '2024-08-05 05:20:00', NULL),
(3, 291, '6015', 'AFWA WARDAH ZAHIRA', 'Kelas-8.1', '2024-08-05', '2024-08-05 05:24:35', NULL),
(4, 97, '6512', 'NABILAH RANIAH HISANAH', 'Kelas-7.3', '2024-08-05', '2024-08-05 05:25:03', NULL),
(5, 203, '6456', 'MOCH ADI MAULANA SAPUTRA', 'Kelas-7.6', '2024-08-05', '2024-08-05 05:25:41', NULL),
(6, 163, '6462', 'MOCHAMMAD ILHAM APRIYANTO', 'Kelas-7.5', '2024-08-05', '2024-08-05 05:38:53', NULL),
(7, 9, '6371', 'CALISTA PUTRI SALSABILA', 'Kelas-7.1', '2024-08-05', '2024-08-05 14:02:13', NULL),
(8, 79, '6365', 'AZZAHRA KEISHA RAMADHANI', 'Kelas-7.3', '2024-08-06', '2024-08-06 05:04:38', NULL),
(9, 81, '6375', 'CHINTYA ANANDA NOVIASARI', 'Kelas-7.3', '2024-08-06', '2024-08-06 05:05:08', NULL),
(10, 92, '6475', 'MUHAMMAD ALFIN CANDRADINATA', 'Kelas-7.3', '2024-08-06', '2024-08-06 05:05:41', NULL),
(11, 237, '6472', 'MUH. AINUL YAKIN', 'Kelas-7.7', '2024-08-06', '2024-08-06 05:05:57', NULL),
(12, 238, '6484', 'MUHAMMAD FADHIIL ARIFIAN HIDAYAT', 'Kelas-7.7', '2024-08-06', '2024-08-06 05:06:14', NULL),
(13, 2, '6314', 'Aisyah Fadia Az Zahra', 'Kelas-7.1', '2024-08-07', '2024-08-07 03:26:31', NULL),
(14, 27, '6474', 'MUHAMMAD AL-FADHIL QIYAZ', 'Kelas-7.1', '2024-08-07', '2024-08-07 03:56:43', NULL),
(15, 38, '6313', 'AISYAH AULIA', 'Kelas-7.2', '2024-08-08', '2024-08-08 07:57:19', NULL),
(16, 4, '6336', 'Anindita Sasikirana Wisesa', 'Kelas-7.1', '2024-08-09', '2024-08-09 14:01:19', NULL),
(17, 353, '6215', 'NARENDRA RAQILLA FAIQ', 'Kelas-8.2', '2024-08-12', '2024-08-12 16:30:56', NULL);

-- --------------------------------------------------------

--
-- Table structure for table `tb_peminjaman`
--

CREATE TABLE `tb_peminjaman` (
  `kode_pinjam` char(50) COLLATE utf8mb4_unicode_ci NOT NULL,
  `tgl_pinjam` date NOT NULL,
  `tgl_kembali` date NOT NULL,
  `anggota_id` int UNSIGNED NOT NULL,
  `buku_id` char(20) COLLATE utf8mb4_unicode_ci NOT NULL,
  `status` char(20) COLLATE utf8mb4_unicode_ci NOT NULL,
  `created_at` timestamp NULL DEFAULT NULL,
  `updated_at` timestamp NULL DEFAULT NULL
) ENGINE=InnoDB DEFAULT CHARSET=utf8mb4 COLLATE=utf8mb4_unicode_ci;

--
-- Dumping data for table `tb_peminjaman`
--

INSERT INTO `tb_peminjaman` (`kode_pinjam`, `tgl_pinjam`, `tgl_kembali`, `anggota_id`, `buku_id`, `status`, `created_at`, `updated_at`) VALUES
('OUT-05082024-000001', '2024-08-05', '2024-08-08', 4, 'BK000036', 'Kembali', '2024-08-05 06:18:37', '2024-08-06 07:43:16'),
('OUT-05082024-000002', '2024-08-05', '2024-08-08', 7, 'BK000001', 'Kembali', '2024-08-05 15:24:14', '2024-08-06 15:53:38'),
('OUT-05082024-000003', '2024-08-05', '2024-08-08', 46, 'BK000028', 'Kembali', '2024-08-05 15:25:10', '2024-08-06 15:58:18'),
('OUT-06082024-000004', '2024-08-06', '2024-08-09', 500, 'BK000037', 'Kembali', '2024-08-06 07:06:31', '2024-08-09 14:17:55'),
('OUT-06082024-000005', '2024-08-06', '2024-08-09', 472, 'BK000004', 'Pinjam', '2024-08-06 07:42:43', NULL),
('OUT-08082024-000006', '2024-08-08', '2024-08-12', 467, 'BK000042', 'Pinjam', '2024-08-08 06:35:05', NULL),
('OUT-09082024-000007', '2024-08-09', '2024-08-12', 4, 'BK000008', 'Pinjam', '2024-08-09 14:16:48', NULL);

-- --------------------------------------------------------

--
-- Table structure for table `tb_pendik`
--

CREATE TABLE `tb_pendik` (
  `id_pendik` int UNSIGNED NOT NULL,
  `nip` char(25) COLLATE utf8mb4_unicode_ci DEFAULT NULL,
  `nama_pendik` varchar(200) COLLATE utf8mb4_unicode_ci NOT NULL,
  `j_kelamin` enum('L','P') COLLATE utf8mb4_unicode_ci NOT NULL,
  `roles` char(40) COLLATE utf8mb4_unicode_ci NOT NULL,
  `username` varchar(255) COLLATE utf8mb4_unicode_ci DEFAULT NULL,
  `password` varchar(255) COLLATE utf8mb4_unicode_ci DEFAULT NULL,
  `avatar` longtext CHARACTER SET utf8mb4 COLLATE utf8mb4_unicode_ci,
  `created_at` timestamp NULL DEFAULT NULL,
  `updated_at` timestamp NULL DEFAULT NULL
) ENGINE=InnoDB DEFAULT CHARSET=utf8mb4 COLLATE=utf8mb4_unicode_ci;

--
-- Dumping data for table `tb_pendik`
--

INSERT INTO `tb_pendik` (`id_pendik`, `nip`, `nama_pendik`, `j_kelamin`, `roles`, `username`, `password`, `avatar`, `created_at`, `updated_at`) VALUES
(1, '197110121998032004', 'Khoirul Huda, S.Pd., M.Pd', 'L', 'kep_sek', NULL, NULL, NULL, NULL, NULL),
(2, '196510181985122001', 'Tatik Hayati, S.Pd. M.Pd.', 'P', 'guru', NULL, '$2y$10$EwV37tFa3n.e/IGkeh7IleULfZ6vtsnG6jRTuYM/gFa6mCxMMAEnW', NULL, NULL, '2024-08-06 06:51:37'),
(3, '196706121994122005', 'Lilik Dwi Joeniarti, Dra.', 'P', 'kep_perpus', 'kepperpus', '$2y$10$0oyG4/EmA7INUlzE1DLLGOiguzDfE4ULNldpUi/xtDBttJCrZ5qX2', NULL, NULL, '2024-08-05 14:21:29'),
(4, '196602111989032009', 'Ida Purwanti Cahyaningtyas, S.Pd.', 'P', 'guru', NULL, NULL, NULL, NULL, NULL),
(5, '196811051992032012', 'Puji Astutik, S.Pd.', 'P', 'guru', NULL, NULL, NULL, NULL, NULL),
(6, '196911281998022003', 'Siswinara, S.Pd. M.Pd.', 'P', 'guru', NULL, NULL, NULL, NULL, NULL),
(7, '197202131998022001', 'Subandriyah, S.Pd.', 'P', 'guru', NULL, NULL, NULL, NULL, NULL),
(8, '197307151998022002', 'Anik Yuliani, S.Pd.', 'P', 'guru', NULL, NULL, NULL, NULL, NULL),
(9, '196712051995012001', 'Sri Harini, S.Pd.', 'P', 'guru', NULL, NULL, NULL, NULL, NULL),
(10, '196904041995122004', 'Tri Harini, S.Pd.', 'P', 'guru', NULL, NULL, NULL, NULL, NULL),
(11, '197207302005012008', 'Islailul Munawaroh, S.Pd. M.M.Pd.', 'P', 'guru', NULL, NULL, NULL, NULL, NULL),
(12, '198007092006041018', 'Antonius Dodi Windanto, S.Pd.', 'L', 'guru', NULL, NULL, NULL, NULL, NULL),
(13, '198111302006041010', 'Anang Prahara, S.Pd.', 'L', 'guru', NULL, NULL, NULL, NULL, NULL),
(14, '197707172008012023', 'Dwi Wahyulianti, S.Pd.', 'P', 'guru', NULL, NULL, NULL, NULL, NULL),
(15, '196605132008012007', 'Kusnul Hidayati, Dra.', 'P', 'guru', NULL, NULL, NULL, NULL, NULL),
(16, '197001092008011009', 'Arys Widjaja, S.Pd.', 'L', 'guru', NULL, NULL, NULL, NULL, NULL),
(17, '198501302010012015', 'Diah Tris Hidayati, S.Pd.', 'P', 'guru', NULL, '$2y$10$.3wD.umOuaH7T2tCJFCi8eRA2LEiDtrndZJ/Qfl5arsufYkVxVgXe', NULL, NULL, '2024-08-06 06:55:32'),
(18, '198609132011012013', 'Yunisa Charity, S.Pd.', 'P', 'guru', NULL, NULL, NULL, NULL, NULL),
(19, '197904032022211009', 'Deddy Lesmana, St.', 'L', 'guru', NULL, NULL, NULL, NULL, NULL),
(20, '197107152023211004', 'Samuel Suzin, S.Th', 'L', 'guru', NULL, NULL, NULL, NULL, NULL),
(21, '198211282023212020', 'Shoffil Widada, S.Pd.I.', 'P', 'guru', NULL, NULL, NULL, NULL, NULL),
(22, '198006162022211009', 'Budiyanto, S.Psi.', 'L', 'guru', NULL, NULL, NULL, NULL, NULL),
(23, '199210152022212020', 'Rensi Okta Lutviana, S.Pd. Gr.', 'P', 'guru', NULL, NULL, NULL, NULL, NULL),
(24, '199407142022212014', 'Dita Nilamsari, S.Pd.', 'P', 'guru', NULL, NULL, NULL, NULL, NULL),
(25, '199308142022211006', 'Bayu Evrinandika, S.Pd. Gr.', 'L', 'guru', NULL, NULL, NULL, NULL, NULL),
(26, '199307212022211009', 'M. Farizki Afdillah, S.Pd. Gr.', 'L', 'guru', NULL, NULL, NULL, NULL, NULL),
(27, '199312122023212031', 'Syarafina Hasyyati, S.Pd.', 'P', 'guru', NULL, NULL, NULL, NULL, NULL),
(28, '198809162023211016', 'Bagus Permadi EWJ, M.Pd. ', 'L', 'guru', NULL, NULL, NULL, NULL, NULL),
(29, '0', 'Sumari, S.Pd.', 'L', 'guru', NULL, NULL, NULL, NULL, NULL),
(30, '0', 'Dina Kamaliah, S.Pd.Gr.', 'P', 'guru', NULL, NULL, NULL, NULL, NULL),
(31, '0', 'Yuanda Finandyani, S.Pd.', 'P', 'guru', NULL, NULL, NULL, NULL, NULL),
(32, '0', 'Relly Citra Adriana, S.Pd.', 'P', 'guru', NULL, NULL, NULL, NULL, NULL),
(33, '0', 'Rachmat Fatchur Rossi, S.Pd.', 'L', 'guru', NULL, NULL, NULL, NULL, NULL),
(34, '0', 'Ahmad Habib, S.Pd.', 'L', 'guru', NULL, NULL, NULL, NULL, NULL),
(35, '199201182022211012', 'Hafif Nurdin, S.Pd, Gr.', 'L', 'guru', NULL, NULL, NULL, NULL, NULL),
(36, '199111022022212020', 'Risa Umami, S.Pd. Gr', 'P', 'guru', NULL, NULL, NULL, NULL, NULL),
(37, '197808022010012000', 'Lulu Fitriana, S.Pd.', 'P', 'guru', NULL, NULL, NULL, NULL, NULL),
(38, '0', 'Ilva Mardhotin Izzy, S.Psi', 'P', 'guru', NULL, NULL, NULL, NULL, NULL),
(39, '198912242023212035', 'Nur Azizah Puspita Sari, S.S', 'P', 'guru', NULL, NULL, NULL, NULL, NULL),
(40, '0', 'Choirunisa Firda Haryanti, M.Pd', 'P', 'guru', NULL, NULL, NULL, NULL, NULL),
(41, '0', 'Satrio Budi Pamungkas, S.Pd', 'L', 'guru', NULL, NULL, NULL, NULL, NULL),
(42, '197105192007011008', 'Yudhi Rianto, Amd', 'L', 'tu', NULL, NULL, NULL, NULL, NULL),
(43, '198002012009021007', 'Sugeng Iswahyudi', 'L', 'tu', NULL, NULL, NULL, NULL, NULL),
(44, '19760112', 'Inda Amaliya', 'P', 'pustaka', 'pustaka', '$2y$10$2perRujj7M6V266UH4vkFOO1ijkEwhiB14Lnqu2iKYy/Yv1hP2Svm', NULL, NULL, '2024-08-05 14:48:07'),
(45, '0', 'Muhammad Yunus', 'L', 'karyawan', NULL, NULL, NULL, NULL, NULL),
(46, '0', 'Sadi', 'L', 'karyawan', NULL, NULL, NULL, NULL, NULL),
(47, '0', 'Hadi Sutedjo', 'L', 'karyawan', NULL, NULL, NULL, NULL, NULL),
(48, '0', 'Angger Abdillah Ferdiansyah', 'L', 'karyawan', NULL, NULL, NULL, NULL, NULL),
(49, '0', 'Nur Khasanan', 'L', 'karyawan', NULL, NULL, NULL, NULL, NULL),
(50, '0', 'Muhammad Dzikrullah', 'L', 'karyawan', NULL, NULL, NULL, NULL, NULL),
(51, '0', 'Junaedi', 'L', 'karyawan', NULL, NULL, NULL, NULL, NULL),
(52, '1998102501', 'Mahendra Bagaskara', 'L', 'admin', 'admin', '$2y$10$PQV/wzyjt3ZbYUkKp5L5H.kP9CvWwIaZ2l/Jqq.vvynx.Ec.sWtWi', NULL, NULL, '2024-07-29 21:40:28'),
(65, '123456', 'testi123', 'P', 'pustaka', 'test123', '$2y$10$xY7J2JQ.yllJwzLeF89ynOWkdUOqeed2OfQkTDO3MvTps/7I0JkDe', NULL, '2024-08-06 04:50:57', NULL);

-- --------------------------------------------------------

--
-- Table structure for table `tb_pengembalian`
--

CREATE TABLE `tb_pengembalian` (
  `kode_kembali` char(255) COLLATE utf8mb4_unicode_ci NOT NULL,
  `pinjam_kode` char(50) COLLATE utf8mb4_unicode_ci NOT NULL,
  `tgl_dikembalikan` date NOT NULL,
  `terlambat` int NOT NULL,
  `status` char(20) COLLATE utf8mb4_unicode_ci NOT NULL,
  `denda_id` int UNSIGNED NOT NULL,
  `total_denda` int NOT NULL,
  `created_at` timestamp NULL DEFAULT NULL,
  `updated_at` timestamp NULL DEFAULT NULL
) ENGINE=InnoDB DEFAULT CHARSET=utf8mb4 COLLATE=utf8mb4_unicode_ci;

--
-- Dumping data for table `tb_pengembalian`
--

INSERT INTO `tb_pengembalian` (`kode_kembali`, `pinjam_kode`, `tgl_dikembalikan`, `terlambat`, `status`, `denda_id`, `total_denda`, `created_at`, `updated_at`) VALUES
('IN-06082024-000001', 'OUT-05082024-000001', '2024-08-06', 0, 'tepat', 1, 0, '2024-08-06 07:43:16', NULL),
('IN-06082024-000002', 'OUT-05082024-000002', '2024-08-08', 0, 'tepat', 1, 0, '2024-08-06 15:53:38', NULL),
('IN-06082024-000003', 'OUT-05082024-000003', '2024-08-10', 2, 'terlambat', 1, 1000, '2024-08-06 15:58:18', NULL),
('IN-09082024-000004', 'OUT-06082024-000004', '2024-08-13', 4, 'terlambat', 1, 2000, '2024-08-09 14:17:55', NULL);

-- --------------------------------------------------------

--
-- Table structure for table `users`
--

CREATE TABLE `users` (
  `id` bigint UNSIGNED NOT NULL,
  `name` varchar(255) COLLATE utf8mb4_unicode_ci NOT NULL,
  `address` varchar(255) COLLATE utf8mb4_unicode_ci NOT NULL,
  `gender` varchar(255) COLLATE utf8mb4_unicode_ci NOT NULL,
  `number` varchar(255) COLLATE utf8mb4_unicode_ci NOT NULL,
  `level` varchar(255) COLLATE utf8mb4_unicode_ci NOT NULL,
  `email` varchar(255) COLLATE utf8mb4_unicode_ci NOT NULL,
  `email_verified_at` timestamp NULL DEFAULT NULL,
  `password` varchar(255) COLLATE utf8mb4_unicode_ci NOT NULL,
  `remember_token` varchar(100) COLLATE utf8mb4_unicode_ci DEFAULT NULL,
  `created_at` timestamp NULL DEFAULT NULL,
  `updated_at` timestamp NULL DEFAULT NULL
) ENGINE=InnoDB DEFAULT CHARSET=utf8mb4 COLLATE=utf8mb4_unicode_ci;

--
-- Indexes for dumped tables
--

--
-- Indexes for table `failed_jobs`
--
ALTER TABLE `failed_jobs`
  ADD PRIMARY KEY (`id`);

--
-- Indexes for table `migrations`
--
ALTER TABLE `migrations`
  ADD PRIMARY KEY (`id`);

--
-- Indexes for table `tb_anggota`
--
ALTER TABLE `tb_anggota`
  ADD PRIMARY KEY (`id_anggota`),
  ADD KEY `tb_anggota_kelas_id_foreign` (`kelas_id`);

--
-- Indexes for table `tb_buku`
--
ALTER TABLE `tb_buku`
  ADD PRIMARY KEY (`id_buku`),
  ADD KEY `tb_buku_class_id_foreign` (`class_id`);

--
-- Indexes for table `tb_ddc`
--
ALTER TABLE `tb_ddc`
  ADD PRIMARY KEY (`id_class`);

--
-- Indexes for table `tb_denda`
--
ALTER TABLE `tb_denda`
  ADD PRIMARY KEY (`id_denda`);

--
-- Indexes for table `tb_kategori`
--
ALTER TABLE `tb_kategori`
  ADD PRIMARY KEY (`id_kategori`);

--
-- Indexes for table `tb_kelas`
--
ALTER TABLE `tb_kelas`
  ADD PRIMARY KEY (`id_kelas`);

--
-- Indexes for table `tb_kunjungan`
--
ALTER TABLE `tb_kunjungan`
  ADD PRIMARY KEY (`id_kunjungan`),
  ADD KEY `tb_kunjungan_anggota_id_foreign` (`anggota_id`);

--
-- Indexes for table `tb_peminjaman`
--
ALTER TABLE `tb_peminjaman`
  ADD PRIMARY KEY (`kode_pinjam`),
  ADD KEY `tb_peminjaman_anggota_id_foreign` (`anggota_id`),
  ADD KEY `tb_peminjaman_buku_id_foreign` (`buku_id`);

--
-- Indexes for table `tb_pendik`
--
ALTER TABLE `tb_pendik`
  ADD PRIMARY KEY (`id_pendik`);

--
-- Indexes for table `tb_pengembalian`
--
ALTER TABLE `tb_pengembalian`
  ADD PRIMARY KEY (`kode_kembali`),
  ADD KEY `tb_pengembalian_pinjam_kode_foreign` (`pinjam_kode`),
  ADD KEY `tb_pengembalian_denda_id_foreign` (`denda_id`);

--
-- Indexes for table `users`
--
ALTER TABLE `users`
  ADD PRIMARY KEY (`id`),
  ADD UNIQUE KEY `users_email_unique` (`email`);

--
-- AUTO_INCREMENT for dumped tables
--

--
-- AUTO_INCREMENT for table `failed_jobs`
--
ALTER TABLE `failed_jobs`
  MODIFY `id` bigint UNSIGNED NOT NULL AUTO_INCREMENT;

--
-- AUTO_INCREMENT for table `migrations`
--
ALTER TABLE `migrations`
  MODIFY `id` int UNSIGNED NOT NULL AUTO_INCREMENT, AUTO_INCREMENT=14;

--
-- AUTO_INCREMENT for table `tb_anggota`
--
ALTER TABLE `tb_anggota`
  MODIFY `id_anggota` int UNSIGNED NOT NULL AUTO_INCREMENT, AUTO_INCREMENT=580;

--
-- AUTO_INCREMENT for table `tb_ddc`
--
ALTER TABLE `tb_ddc`
  MODIFY `id_class` int UNSIGNED NOT NULL AUTO_INCREMENT, AUTO_INCREMENT=101;

--
-- AUTO_INCREMENT for table `tb_denda`
--
ALTER TABLE `tb_denda`
  MODIFY `id_denda` int UNSIGNED NOT NULL AUTO_INCREMENT, AUTO_INCREMENT=4;

--
-- AUTO_INCREMENT for table `tb_kategori`
--
ALTER TABLE `tb_kategori`
  MODIFY `id_kategori` int UNSIGNED NOT NULL AUTO_INCREMENT;

--
-- AUTO_INCREMENT for table `tb_kelas`
--
ALTER TABLE `tb_kelas`
  MODIFY `id_kelas` int UNSIGNED NOT NULL AUTO_INCREMENT, AUTO_INCREMENT=25;

--
-- AUTO_INCREMENT for table `tb_kunjungan`
--
ALTER TABLE `tb_kunjungan`
  MODIFY `id_kunjungan` int UNSIGNED NOT NULL AUTO_INCREMENT, AUTO_INCREMENT=18;

--
-- AUTO_INCREMENT for table `tb_pendik`
--
ALTER TABLE `tb_pendik`
  MODIFY `id_pendik` int UNSIGNED NOT NULL AUTO_INCREMENT, AUTO_INCREMENT=66;

--
-- AUTO_INCREMENT for table `users`
--
ALTER TABLE `users`
  MODIFY `id` bigint UNSIGNED NOT NULL AUTO_INCREMENT;

--
-- Constraints for dumped tables
--

--
-- Constraints for table `tb_anggota`
--
ALTER TABLE `tb_anggota`
  ADD CONSTRAINT `tb_anggota_kelas_id_foreign` FOREIGN KEY (`kelas_id`) REFERENCES `tb_kelas` (`id_kelas`) ON DELETE CASCADE ON UPDATE CASCADE;

--
-- Constraints for table `tb_buku`
--
ALTER TABLE `tb_buku`
  ADD CONSTRAINT `tb_buku_class_id_foreign` FOREIGN KEY (`class_id`) REFERENCES `tb_ddc` (`id_class`) ON DELETE CASCADE ON UPDATE CASCADE;

--
-- Constraints for table `tb_kunjungan`
--
ALTER TABLE `tb_kunjungan`
  ADD CONSTRAINT `tb_kunjungan_anggota_id_foreign` FOREIGN KEY (`anggota_id`) REFERENCES `tb_anggota` (`id_anggota`) ON DELETE CASCADE ON UPDATE CASCADE;

--
-- Constraints for table `tb_peminjaman`
--
ALTER TABLE `tb_peminjaman`
  ADD CONSTRAINT `tb_peminjaman_anggota_id_foreign` FOREIGN KEY (`anggota_id`) REFERENCES `tb_anggota` (`id_anggota`) ON DELETE CASCADE ON UPDATE CASCADE,
  ADD CONSTRAINT `tb_peminjaman_buku_id_foreign` FOREIGN KEY (`buku_id`) REFERENCES `tb_buku` (`id_buku`) ON DELETE CASCADE ON UPDATE CASCADE;

--
-- Constraints for table `tb_pengembalian`
--
ALTER TABLE `tb_pengembalian`
  ADD CONSTRAINT `tb_pengembalian_denda_id_foreign` FOREIGN KEY (`denda_id`) REFERENCES `tb_denda` (`id_denda`) ON DELETE CASCADE ON UPDATE CASCADE,
  ADD CONSTRAINT `tb_pengembalian_pinjam_kode_foreign` FOREIGN KEY (`pinjam_kode`) REFERENCES `tb_peminjaman` (`kode_pinjam`) ON DELETE CASCADE ON UPDATE CASCADE;
COMMIT;

/*!40101 SET CHARACTER_SET_CLIENT=@OLD_CHARACTER_SET_CLIENT */;
/*!40101 SET CHARACTER_SET_RESULTS=@OLD_CHARACTER_SET_RESULTS */;
/*!40101 SET COLLATION_CONNECTION=@OLD_COLLATION_CONNECTION */;
